group,municipality_code,municipality,bairro,residents,target_jobs,formal_component_estimated,informal_component_estimated,spatial_source,jobs,rounding_difference,resident_workers,rais_2023_formal_links,cempre_2024_municipality_persons
0,3300456,Belford Roxo,Total no recorte municipal,483087,117909,45256.87,72651.79,CEMPRE 2024 municipality + mapped employment/local services proxy,117925,16,222075,,53788
1,3300803,Cachoeiras de Macacu,Total no recorte municipal,1536,474,229.57,244.02,CEMPRE 2024 municipality + mapped employment/local services proxy,431,-43,736,,10115
2,3301702,Duque de Caxias,Total no recorte municipal,804950,303824,168607.36,135216.42,CEMPRE 2024 municipality + mapped employment/local services proxy,303828,4,370043,,201190
3,3301801,Engenheiro Paulo de Frontin,Total no recorte municipal,167,58,30.23,27.33,CEMPRE 2024 municipality + mapped employment/local services proxy,5,-53,79,,2634
4,3301850,Guapimirim,Total no recorte municipal,12404,4810,2709.7,2100.58,CEMPRE 2024 municipality + mapped employment/local services proxy,4812,2,5702,,13422
5,3301900,Itaboraí,Total no recorte municipal,211134,67985,34062.71,33922.61,CEMPRE 2024 municipality + mapped employment/local services proxy,67977,-8,97063,,43022
6,3302007,Itaguaí,Total no recorte municipal,117232,51794,31106.31,20687.98,CEMPRE 2024 municipality + mapped employment/local services proxy,51791,-3,53891,,37385
7,3302270,Japeri,Total no recorte municipal,96289,25603,10844.72,14758.11,CEMPRE 2024 municipality + mapped employment/local services proxy,25600,-3,44266,,12889
8,3302502,Magé,Total no recorte municipal,218335,67848,33092.06,34755.61,CEMPRE 2024 municipality + mapped employment/local services proxy,67851,3,100372,,41177
9,3302601,Mangaratiba,Total no recorte municipal,1339,525,297.16,227.46,CEMPRE 2024 municipality + mapped employment/local services proxy,471,-54,643,,11786
10,3302700,Maricá,Total no recorte municipal,146389,51078,27037.69,24039.79,CEMPRE 2024 municipality + mapped employment/local services proxy,51082,4,67304,,43759
11,3302809,Mendes,Total no recorte municipal,3,1,0.53,0.49,CEMPRE 2024 municipality + mapped employment/local services proxy,0,-1,1,,3650
12,3302858,Mesquita,Total no recorte municipal,167286,43866,18307.04,25558.63,CEMPRE 2024 municipality + mapped employment/local services proxy,43879,13,76905,,21758
13,3302908,Miguel Pereira,Total no recorte municipal,312,128,74.33,53.77,CEMPRE 2024 municipality + mapped employment/local services proxy,86,-42,149,,7527
14,3303203,Nilópolis,Total no recorte municipal,146774,41503,18680.62,22822.52,CEMPRE 2024 municipality + mapped employment/local services proxy,41507,4,67474,,22202
15,3303302,Niterói,Total no recorte municipal,484991,304642,207136.76,97505.33,CEMPRE 2024 municipality + mapped employment/local services proxy,304630,-12,222952,,246183
16,3303500,Nova Iguaçu,Total no recorte municipal,785666,224181,101748.08,122432.88,CEMPRE 2024 municipality + mapped employment/local services proxy,224154,-27,361192,,120959
17,3303609,Paracambi,Total no recorte municipal,40406,15390,8584.18,6805.77,CEMPRE 2024 municipality + mapped employment/local services proxy,15397,7,18578,,10447
18,3304003,Piraí,Total no recorte municipal,9087,4549,2874.74,1674.02,CEMPRE 2024 municipality + mapped employment/local services proxy,4553,4,4349,,10330
19,3304144,Queimados,Total no recorte municipal,142162,40900,18702.49,22197.89,CEMPRE 2024 municipality + mapped employment/local services proxy,40907,7,65352,,22228
20,3304409,Rio Claro,Total no recorte municipal,67,20,9.76,10.61,CEMPRE 2024 municipality + mapped employment/local services proxy,0,-20,31,,3013
21,3304557,Rio de Janeiro,Abolição,9196,3300,1777.98,1522.23,RAIS 2023 neighborhood shares + CEMPRE 2024,3301,1,4577,1581.0,2997653
22,3304557,Rio de Janeiro,Acari,29673,4659,537.55,4121.87,RAIS 2023 neighborhood shares + CEMPRE 2024,4651,-8,14769,478.0,2997653
23,3304557,Rio de Janeiro,Alto da Boa Vista,10066,2517,995.26,1521.77,RAIS 2023 neighborhood shares + CEMPRE 2024,2514,-3,5011,885.0,2997653
24,3304557,Rio de Janeiro,Anchieta,52240,11381,3705.52,7675.85,RAIS 2023 neighborhood shares + CEMPRE 2024,11379,-2,26000,3295.0,2997653
25,3304557,Rio de Janeiro,Andaraí,29679,10285,5420.52,4864.56,RAIS 2023 neighborhood shares + CEMPRE 2024,10298,13,14771,4820.0,2997653
26,3304557,Rio de Janeiro,Anil,26790,16015,10736.45,5278.84,RAIS 2023 neighborhood shares + CEMPRE 2024,16026,11,13333,9547.0,2997653
27,3304557,Rio de Janeiro,Bancários,11907,2174,480.2,1694.18,RAIS 2023 neighborhood shares + CEMPRE 2024,2187,13,5928,427.0,2997653
28,3304557,Rio de Janeiro,Bangu,254325,68575,29469.85,39105.6,RAIS 2023 neighborhood shares + CEMPRE 2024,68572,-3,126587,26205.0,2997653
29,3304557,Rio de Janeiro,Barra Olímpica,55282,67497,52060.6,15436.59,RAIS 2023 neighborhood shares + CEMPRE 2024,67501,4,27513,46293.0,2997653
30,3304557,Rio de Janeiro,Barra da Tijuca,142263,263421,211862.43,51558.29,RAIS 2023 neighborhood shares + CEMPRE 2024,263420,-1,70803,188391.0,2997653
31,3304557,Rio de Janeiro,Barra de Guaratiba,4755,1588,816.45,771.47,RAIS 2023 neighborhood shares + CEMPRE 2024,1590,2,2367,726.0,2997653
32,3304557,Rio de Janeiro,Barros Filho,20444,4833,1779.1,3053.9,RAIS 2023 neighborhood shares + CEMPRE 2024,4832,-1,10174,1582.0,2997653
33,3304557,Rio de Janeiro,Benfica,20969,23142,17611.06,5530.72,RAIS 2023 neighborhood shares + CEMPRE 2024,23141,-1,10438,15660.0,2997653
34,3304557,Rio de Janeiro,Bento Ribeiro,37306,9459,3802.24,5657.16,RAIS 2023 neighborhood shares + CEMPRE 2024,9465,6,18566,3381.0,2997653
35,3304557,Rio de Janeiro,Bonsucesso,18409,66148,55247.68,10900.26,RAIS 2023 neighborhood shares + CEMPRE 2024,66161,13,9162,49127.0,2997653
36,3304557,Rio de Janeiro,Botafogo,76728,223406,184871.17,38534.44,RAIS 2023 neighborhood shares + CEMPRE 2024,223412,6,38188,164390.0,2997653
37,3304557,Rio de Janeiro,Brás de Pina,38591,10032,4147.48,5884.58,RAIS 2023 neighborhood shares + CEMPRE 2024,10027,-5,19209,3688.0,2997653
38,3304557,Rio de Janeiro,Cachambi,43581,20361,12524.55,7836.73,RAIS 2023 neighborhood shares + CEMPRE 2024,20369,8,21690,11137.0,2997653
39,3304557,Rio de Janeiro,Cacuia,10765,5575,3567.2,2007.7,RAIS 2023 neighborhood shares + CEMPRE 2024,5571,-4,5358,3172.0,2997653
40,3304557,Rio de Janeiro,Caju,24116,15526,10627.37,4898.18,RAIS 2023 neighborhood shares + CEMPRE 2024,15517,-9,12003,9450.0,2997653
41,3304557,Rio de Janeiro,Camorim,1111,1635,1287.65,346.9,RAIS 2023 neighborhood shares + CEMPRE 2024,1659,24,553,1145.0,2997653
42,3304557,Rio de Janeiro,Campinho,13038,4694,2533.7,2160.17,RAIS 2023 neighborhood shares + CEMPRE 2024,4696,2,6489,2253.0,2997653
43,3304557,Rio de Janeiro,Campo Grande,358709,138648,77962.13,60685.67,RAIS 2023 neighborhood shares + CEMPRE 2024,138679,31,178527,69325.0,2997653
44,3304557,Rio de Janeiro,Campo dos Afonsos,2851,1698,1136.96,560.92,RAIS 2023 neighborhood shares + CEMPRE 2024,1685,-13,1420,1011.0,2997653
45,3304557,Rio de Janeiro,Cascadura,26895,11192,6537.24,4655.15,RAIS 2023 neighborhood shares + CEMPRE 2024,11189,-3,13384,5813.0,2997653
46,3304557,Rio de Janeiro,Catete,21922,12679,8415.3,4263.38,RAIS 2023 neighborhood shares + CEMPRE 2024,12688,9,10911,7483.0,2997653
47,3304557,Rio de Janeiro,Catumbi,11264,2948,1228.05,1720.26,RAIS 2023 neighborhood shares + CEMPRE 2024,2935,-13,5606,1092.0,2997653
48,3304557,Rio de Janeiro,Cavalcanti,14956,2970,810.83,2159.56,RAIS 2023 neighborhood shares + CEMPRE 2024,2968,-2,7443,721.0,2997653
49,3304557,Rio de Janeiro,Centro,29276,509840,439136.23,70703.79,RAIS 2023 neighborhood shares + CEMPRE 2024,509978,138,14570,390486.0,2997653
50,3304557,Rio de Janeiro,Cidade Nova,4745,26576,22509.77,4065.96,RAIS 2023 neighborhood shares + CEMPRE 2024,26602,26,2361,20016.0,2997653
51,3304557,Rio de Janeiro,Cidade Universitária,1303,24694,21282.85,3410.9,RAIS 2023 neighborhood shares + CEMPRE 2024,24689,-5,649,18925.0,2997653
52,3304557,Rio de Janeiro,Cidade de Deus,29798,6114,1785.85,4328.55,RAIS 2023 neighborhood shares + CEMPRE 2024,6116,2,14831,1588.0,2997653
53,3304557,Rio de Janeiro,Cocotá,5021,1813,980.64,832.64,RAIS 2023 neighborhood shares + CEMPRE 2024,1816,3,2499,872.0,2997653
54,3304557,Rio de Janeiro,Coelho Neto,26780,21295,15321.4,5974.07,RAIS 2023 neighborhood shares + CEMPRE 2024,21296,1,13329,13624.0,2997653
55,3304557,Rio de Janeiro,Colégio,26358,5849,1962.41,3886.99,RAIS 2023 neighborhood shares + CEMPRE 2024,5853,4,13119,1745.0,2997653
56,3304557,Rio de Janeiro,Copacabana,128649,84628,58260.45,26368.0,RAIS 2023 neighborhood shares + CEMPRE 2024,84651,23,64028,51806.0,2997653
57,3304557,Rio de Janeiro,Cordovil,32932,14452,8653.71,5798.69,RAIS 2023 neighborhood shares + CEMPRE 2024,14444,-8,16391,7695.0,2997653
58,3304557,Rio de Janeiro,Cosme Velho,6408,4110,2810.35,1299.47,RAIS 2023 neighborhood shares + CEMPRE 2024,4118,8,3189,2499.0,2997653
59,3304557,Rio de Janeiro,Cosmos,97570,17357,3534.58,13821.9,RAIS 2023 neighborhood shares + CEMPRE 2024,17351,-6,48561,3143.0,2997653
60,3304557,Rio de Janeiro,Costa Barros,25778,3992,418.35,3573.43,RAIS 2023 neighborhood shares + CEMPRE 2024,3982,-10,12828,372.0,2997653
61,3304557,Rio de Janeiro,Curicica,29038,11171,6265.08,4905.59,RAIS 2023 neighborhood shares + CEMPRE 2024,11152,-19,14452,5571.0,2997653
62,3304557,Rio de Janeiro,Del Castilho,20597,26389,20474.27,5915.08,RAIS 2023 neighborhood shares + CEMPRE 2024,26382,-7,10252,18206.0,2997653
63,3304557,Rio de Janeiro,Deodoro,9037,2890,1440.6,1449.32,RAIS 2023 neighborhood shares + CEMPRE 2024,2876,-14,4498,1281.0,2997653
64,3304557,Rio de Janeiro,Encantado,12405,3115,1238.17,1877.15,RAIS 2023 neighborhood shares + CEMPRE 2024,3119,4,6174,1101.0,2997653
65,3304557,Rio de Janeiro,Engenheiro Leal,6633,1743,728.73,1013.85,RAIS 2023 neighborhood shares + CEMPRE 2024,1750,7,3301,648.0,2997653
66,3304557,Rio de Janeiro,Engenho Novo,39424,11823,5603.83,6219.26,RAIS 2023 neighborhood shares + CEMPRE 2024,11835,12,19622,4983.0,2997653
67,3304557,Rio de Janeiro,Engenho da Rainha,24188,5476,1894.93,3581.27,RAIS 2023 neighborhood shares + CEMPRE 2024,5476,0,12038,1685.0,2997653
68,3304557,Rio de Janeiro,Engenho de Dentro,42826,16774,9499.4,7274.32,RAIS 2023 neighborhood shares + CEMPRE 2024,16779,5,21314,8447.0,2997653
69,3304557,Rio de Janeiro,Estácio,23673,11535,7215.36,4319.48,RAIS 2023 neighborhood shares + CEMPRE 2024,11534,-1,11782,6416.0,2997653
70,3304557,Rio de Janeiro,Flamengo,41489,27201,18709.79,8491.6,RAIS 2023 neighborhood shares + CEMPRE 2024,27201,0,20647,16637.0,2997653
71,3304557,Rio de Janeiro,Freguesia (Ilha),21360,4254,1168.45,3085.85,RAIS 2023 neighborhood shares + CEMPRE 2024,4269,15,10631,1039.0,2997653
72,3304557,Rio de Janeiro,Freguesia (Jacarepaguá),76235,39482,25263.89,14218.3,RAIS 2023 neighborhood shares + CEMPRE 2024,39470,-12,37941,22465.0,2997653
73,3304557,Rio de Janeiro,Galeão,23498,19209,13897.67,5310.89,RAIS 2023 neighborhood shares + CEMPRE 2024,19226,17,11695,12358.0,2997653
74,3304557,Rio de Janeiro,Gamboa,11689,2642,912.04,1730.11,RAIS 2023 neighborhood shares + CEMPRE 2024,2622,-20,5818,811.0,2997653
75,3304557,Rio de Janeiro,Gardênia Azul,25357,8134,4064.26,4070.03,RAIS 2023 neighborhood shares + CEMPRE 2024,8133,-1,12621,3614.0,2997653
76,3304557,Rio de Janeiro,Glória,8730,13142,10376.58,2765.16,RAIS 2023 neighborhood shares + CEMPRE 2024,13135,-7,4345,9227.0,2997653
77,3304557,Rio de Janeiro,Grajaú,37713,14640,8251.11,6388.49,RAIS 2023 neighborhood shares + CEMPRE 2024,14643,3,18770,7337.0,2997653
78,3304557,Rio de Janeiro,Grumari,184,77,44.98,31.89,RAIS 2023 neighborhood shares + CEMPRE 2024,11,-66,92,40.0,2997653
79,3304557,Rio de Janeiro,Guadalupe,41034,9210,3145.48,6064.98,RAIS 2023 neighborhood shares + CEMPRE 2024,9228,18,20424,2797.0,2997653
80,3304557,Rio de Janeiro,Guaratiba,160524,34426,10911.89,23514.39,RAIS 2023 neighborhood shares + CEMPRE 2024,34419,-7,79891,9703.0,2997653
81,3304557,Rio de Janeiro,Gávea,12113,18870,14949.16,3920.49,RAIS 2023 neighborhood shares + CEMPRE 2024,18869,-1,6028,13293.0,2997653
82,3304557,Rio de Janeiro,Higienópolis,16677,6471,3645.92,2824.62,RAIS 2023 neighborhood shares + CEMPRE 2024,6474,3,8302,3242.0,2997653
83,3304557,Rio de Janeiro,Honório Gurgel,18656,4126,1376.5,2749.29,RAIS 2023 neighborhood shares + CEMPRE 2024,4114,-12,9285,1224.0,2997653
84,3304557,Rio de Janeiro,Humaitá,14296,13980,10446.31,3533.61,RAIS 2023 neighborhood shares + CEMPRE 2024,14001,21,7115,9289.0,2997653
85,3304557,Rio de Janeiro,Imperial de São Cristóvão,26952,80762,66924.29,13837.48,RAIS 2023 neighborhood shares + CEMPRE 2024,80788,26,13413,59510.0,2997653
86,3304557,Rio de Janeiro,Inhaúma,69811,23766,12379.47,11386.1,RAIS 2023 neighborhood shares + CEMPRE 2024,23780,14,34744,11008.0,2997653
87,3304557,Rio de Janeiro,Inhoaíba,69437,12848,2946.42,9902.02,RAIS 2023 neighborhood shares + CEMPRE 2024,12858,10,34560,2620.0,2997653
88,3304557,Rio de Janeiro,Ipanema,38392,53786,42154.09,11631.8,RAIS 2023 neighborhood shares + CEMPRE 2024,53791,5,19107,37484.0,2997653
89,3304557,Rio de Janeiro,Irajá,86197,23934,10589.13,13345.17,RAIS 2023 neighborhood shares + CEMPRE 2024,23930,-4,42898,9416.0,2997653
90,3304557,Rio de Janeiro,Itanhangá,68537,14808,4753.64,10054.05,RAIS 2023 neighborhood shares + CEMPRE 2024,14806,-2,34110,4227.0,2997653
91,3304557,Rio de Janeiro,Jacarepaguá,177969,53782,25653.0,28129.27,RAIS 2023 neighborhood shares + CEMPRE 2024,53777,-5,88573,22811.0,2997653
92,3304557,Rio de Janeiro,Jacarezinho,35458,6434,1394.49,5039.74,RAIS 2023 neighborhood shares + CEMPRE 2024,6432,-2,17649,1240.0,2997653
93,3304557,Rio de Janeiro,Jacaré,7727,10127,7877.75,2248.95,RAIS 2023 neighborhood shares + CEMPRE 2024,10120,-7,3847,7005.0,2997653
94,3304557,Rio de Janeiro,Jardim América,20244,6726,3445.74,3279.88,RAIS 2023 neighborhood shares + CEMPRE 2024,6738,12,10076,3064.0,2997653
95,3304557,Rio de Janeiro,Jardim Botânico,14619,18488,14321.64,4166.36,RAIS 2023 neighborhood shares + CEMPRE 2024,18490,2,7275,12735.0,2997653
96,3304557,Rio de Janeiro,Jardim Carioca,20374,7282,3913.57,3368.66,RAIS 2023 neighborhood shares + CEMPRE 2024,7286,4,10139,3480.0,2997653
97,3304557,Rio de Janeiro,Jardim Guanabara,27084,11662,6922.97,4739.49,RAIS 2023 neighborhood shares + CEMPRE 2024,11661,-1,13480,6156.0,2997653
98,3304557,Rio de Janeiro,Jardim Sulacap,13651,5660,3299.54,2359.98,RAIS 2023 neighborhood shares + CEMPRE 2024,5676,16,6794,2934.0,2997653
99,3304557,Rio de Janeiro,Joá,983,709,499.32,209.7,RAIS 2023 neighborhood shares + CEMPRE 2024,702,-7,489,444.0,2997653
100,3304557,Rio de Janeiro,Lagoa,18181,10251,6749.78,3500.97,RAIS 2023 neighborhood shares + CEMPRE 2024,10248,-3,9049,6002.0,2997653
101,3304557,Rio de Janeiro,Laranjeiras,39982,24800,16803.61,7996.81,RAIS 2023 neighborhood shares + CEMPRE 2024,24784,-16,19899,14942.0,2997653
102,3304557,Rio de Janeiro,Leblon,37709,34570,25552.91,9016.6,RAIS 2023 neighborhood shares + CEMPRE 2024,34576,6,18769,22722.0,2997653
103,3304557,Rio de Janeiro,Leme,12244,4044,2063.62,1980.64,RAIS 2023 neighborhood shares + CEMPRE 2024,4027,-17,6094,1835.0,2997653
104,3304557,Rio de Janeiro,Lins de Vasconcelos,30910,6046,1594.67,4450.91,RAIS 2023 neighborhood shares + CEMPRE 2024,6048,2,15383,1418.0,2997653
105,3304557,Rio de Janeiro,Madureira,38455,36213,26891.17,9321.49,RAIS 2023 neighborhood shares + CEMPRE 2024,36218,5,19138,23912.0,2997653
106,3304557,Rio de Janeiro,Magalhães Bastos,20636,4335,1323.64,3010.85,RAIS 2023 neighborhood shares + CEMPRE 2024,4332,-3,10271,1177.0,2997653
107,3304557,Rio de Janeiro,Mangueira,18247,3624,989.64,2634.82,RAIS 2023 neighborhood shares + CEMPRE 2024,3628,4,9082,880.0,2997653
108,3304557,Rio de Janeiro,Manguinhos,28855,7859,3412.0,4447.21,RAIS 2023 neighborhood shares + CEMPRE 2024,7857,-2,14361,3034.0,2997653
109,3304557,Rio de Janeiro,Maracanã,23309,35679,28218.19,7460.86,RAIS 2023 neighborhood shares + CEMPRE 2024,35701,22,11600,25092.0,2997653
110,3304557,Rio de Janeiro,Marechal Hermes,41507,9132,3021.77,6110.59,RAIS 2023 neighborhood shares + CEMPRE 2024,9135,3,20658,2687.0,2997653
111,3304557,Rio de Janeiro,Maria da Graça,7209,4922,3421.0,1501.31,RAIS 2023 neighborhood shares + CEMPRE 2024,4914,-8,3588,3042.0,2997653
112,3304557,Rio de Janeiro,Maré,124832,19888,2510.08,17378.18,RAIS 2023 neighborhood shares + CEMPRE 2024,19853,-35,62128,2232.0,2997653
113,3304557,Rio de Janeiro,Moneró,5723,2023,1079.61,943.25,RAIS 2023 neighborhood shares + CEMPRE 2024,2028,5,2848,960.0,2997653
114,3304557,Rio de Janeiro,Méier,38796,37476,27947.16,9528.36,RAIS 2023 neighborhood shares + CEMPRE 2024,37489,13,19309,24851.0,2997653
115,3304557,Rio de Janeiro,Olaria,60871,25205,14686.01,10519.28,RAIS 2023 neighborhood shares + CEMPRE 2024,25203,-2,30294,13059.0,2997653
116,3304557,Rio de Janeiro,Osvaldo Cruz,27980,8764,4300.43,4463.05,RAIS 2023 neighborhood shares + CEMPRE 2024,8756,-8,13926,3824.0,2997653
117,3304557,Rio de Janeiro,Paciência,103240,22591,7408.79,15182.52,RAIS 2023 neighborhood shares + CEMPRE 2024,22588,-3,51379,6588.0,2997653
118,3304557,Rio de Janeiro,Padre Miguel,61112,15521,6250.47,9270.49,RAIS 2023 neighborhood shares + CEMPRE 2024,15539,18,30416,5558.0,2997653
119,3304557,Rio de Janeiro,Paquetá,4185,729,138.32,590.83,RAIS 2023 neighborhood shares + CEMPRE 2024,708,-21,2082,123.0,2997653
120,3304557,Rio de Janeiro,Parada de Lucas,22069,8363,4651.3,3711.53,RAIS 2023 neighborhood shares + CEMPRE 2024,8370,7,10985,4136.0,2997653
121,3304557,Rio de Janeiro,Parque Anchieta,21552,3815,764.72,3050.65,RAIS 2023 neighborhood shares + CEMPRE 2024,3823,8,10726,680.0,2997653
122,3304557,Rio de Janeiro,Parque Colúmbia,8222,7437,5484.62,1952.76,RAIS 2023 neighborhood shares + CEMPRE 2024,7426,-11,4092,4877.0,2997653
123,3304557,Rio de Janeiro,Pavuna,95831,34626,18732.28,15894.1,RAIS 2023 neighborhood shares + CEMPRE 2024,34622,-4,47690,16657.0,2997653
124,3304557,Rio de Janeiro,Pechincha,33428,27394,19829.88,7564.21,RAIS 2023 neighborhood shares + CEMPRE 2024,27393,-1,16637,17633.0,2997653
125,3304557,Rio de Janeiro,Pedra de Guaratiba,12250,3693,1757.73,1934.98,RAIS 2023 neighborhood shares + CEMPRE 2024,3696,3,6097,1563.0,2997653
126,3304557,Rio de Janeiro,Penha,58516,32275,21101.79,11173.37,RAIS 2023 neighborhood shares + CEMPRE 2024,32284,9,29122,18764.0,2997653
127,3304557,Rio de Janeiro,Penha Circular,36725,29741,21477.4,8263.43,RAIS 2023 neighborhood shares + CEMPRE 2024,29740,-1,18276,19098.0,2997653
128,3304557,Rio de Janeiro,Piedade,37330,10907,5056.15,5850.94,RAIS 2023 neighborhood shares + CEMPRE 2024,10908,1,18579,4496.0,2997653
129,3304557,Rio de Janeiro,Pilares,23746,9997,5871.48,4125.25,RAIS 2023 neighborhood shares + CEMPRE 2024,10013,16,11817,5221.0,2997653
130,3304557,Rio de Janeiro,Pitangueiras,10566,1730,253.03,1477.08,RAIS 2023 neighborhood shares + CEMPRE 2024,1659,-71,5259,225.0,2997653
131,3304557,Rio de Janeiro,Portuguesa,19831,6265,3094.87,3170.34,RAIS 2023 neighborhood shares + CEMPRE 2024,6265,0,9869,2752.0,2997653
132,3304557,Rio de Janeiro,Praia da Bandeira,5153,1533,721.99,811.31,RAIS 2023 neighborhood shares + CEMPRE 2024,1533,0,2565,642.0,2997653
133,3304557,Rio de Janeiro,Praça Seca,61483,14372,5209.1,9162.79,RAIS 2023 neighborhood shares + CEMPRE 2024,14366,-6,30601,4632.0,2997653
134,3304557,Rio de Janeiro,Praça da Bandeira,7464,14847,12006.11,2840.36,RAIS 2023 neighborhood shares + CEMPRE 2024,14853,6,3714,10676.0,2997653
135,3304557,Rio de Janeiro,Quintino Bocaiúva,25271,14130,9278.98,4850.59,RAIS 2023 neighborhood shares + CEMPRE 2024,14132,2,12579,8251.0,2997653
136,3304557,Rio de Janeiro,Ramos,42739,28563,19744.41,8818.99,RAIS 2023 neighborhood shares + CEMPRE 2024,28561,-2,21271,17557.0,2997653
137,3304557,Rio de Janeiro,Realengo,167217,41922,16628.17,25294.16,RAIS 2023 neighborhood shares + CEMPRE 2024,41917,-5,83226,14786.0,2997653
138,3304557,Rio de Janeiro,Recreio dos Bandeirantes,140437,80154,52982.76,27171.19,RAIS 2023 neighborhood shares + CEMPRE 2024,80148,-6,69899,47113.0,2997653
139,3304557,Rio de Janeiro,Riachuelo,10875,6174,4074.39,2099.73,RAIS 2023 neighborhood shares + CEMPRE 2024,6172,-2,5413,3623.0,2997653
140,3304557,Rio de Janeiro,Ribeira,5425,3225,2158.09,1066.53,RAIS 2023 neighborhood shares + CEMPRE 2024,3222,-3,2700,1919.0,2997653
141,3304557,Rio de Janeiro,Ricardo de Albuquerque,27358,5392,1447.35,3944.89,RAIS 2023 neighborhood shares + CEMPRE 2024,5403,11,13617,1287.0,2997653
142,3304557,Rio de Janeiro,Rio Comprido,39154,42337,32125.01,10211.84,RAIS 2023 neighborhood shares + CEMPRE 2024,42340,3,19487,28566.0,2997653
143,3304557,Rio de Janeiro,Rocha,17134,10071,6717.17,3353.46,RAIS 2023 neighborhood shares + CEMPRE 2024,10075,4,8527,5973.0,2997653
144,3304557,Rio de Janeiro,Rocha Miranda,35917,9252,3786.49,5465.65,RAIS 2023 neighborhood shares + CEMPRE 2024,9247,-5,17876,3367.0,2997653
145,3304557,Rio de Janeiro,Rocinha,72154,11165,1163.95,10001.15,RAIS 2023 neighborhood shares + CEMPRE 2024,11169,4,35912,1035.0,2997653
146,3304557,Rio de Janeiro,Sampaio,8832,2407,1045.87,1361.44,RAIS 2023 neighborhood shares + CEMPRE 2024,2402,-5,4396,930.0,2997653
147,3304557,Rio de Janeiro,Santa Cruz,249134,75159,35799.04,39360.4,RAIS 2023 neighborhood shares + CEMPRE 2024,75173,14,123996,31833.0,2997653
148,3304557,Rio de Janeiro,Santa Teresa,41355,8685,2651.78,6033.68,RAIS 2023 neighborhood shares + CEMPRE 2024,8679,-6,20583,2358.0,2997653
149,3304557,Rio de Janeiro,Santo Cristo,9663,116765,100222.24,16542.38,RAIS 2023 neighborhood shares + CEMPRE 2024,116762,-3,4810,89119.0,2997653
150,3304557,Rio de Janeiro,Santíssimo,46878,11119,4111.5,7007.45,RAIS 2023 neighborhood shares + CEMPRE 2024,11120,1,23330,3656.0,2997653
151,3304557,Rio de Janeiro,Saúde,1876,22045,18915.59,3129.26,RAIS 2023 neighborhood shares + CEMPRE 2024,22050,5,934,16820.0,2997653
152,3304557,Rio de Janeiro,Senador Camará,107123,18394,3306.29,15087.93,RAIS 2023 neighborhood shares + CEMPRE 2024,18404,10,53316,2940.0,2997653
153,3304557,Rio de Janeiro,Senador Vasconcelos,32417,10295,5105.63,5189.51,RAIS 2023 neighborhood shares + CEMPRE 2024,10300,5,16136,4540.0,2997653
154,3304557,Rio de Janeiro,Sepetiba,59584,11604,3030.77,8573.27,RAIS 2023 neighborhood shares + CEMPRE 2024,11603,-1,29654,2695.0,2997653
155,3304557,Rio de Janeiro,São Conrado,10722,6691,4541.09,2149.81,RAIS 2023 neighborhood shares + CEMPRE 2024,6691,0,5336,4038.0,2997653
156,3304557,Rio de Janeiro,São Francisco Xavier,6340,10706,8544.63,2161.42,RAIS 2023 neighborhood shares + CEMPRE 2024,10716,10,3156,7598.0,2997653
157,3304557,Rio de Janeiro,Tanque,31965,10079,4971.81,5107.64,RAIS 2023 neighborhood shares + CEMPRE 2024,10089,10,15909,4421.0,2997653
158,3304557,Rio de Janeiro,Taquara,115345,58226,36912.38,21313.16,RAIS 2023 neighborhood shares + CEMPRE 2024,58226,0,57405,32823.0,2997653
159,3304557,Rio de Janeiro,Tauá,26482,6407,2431.36,3975.12,RAIS 2023 neighborhood shares + CEMPRE 2024,6404,-3,13180,2162.0,2997653
160,3304557,Rio de Janeiro,Tijuca,143224,108839,77555.03,31283.91,RAIS 2023 neighborhood shares + CEMPRE 2024,108836,-3,71287,68963.0,2997653
161,3304557,Rio de Janeiro,Todos os Santos,18938,6588,3480.6,3107.36,RAIS 2023 neighborhood shares + CEMPRE 2024,6584,-4,9426,3095.0,2997653
162,3304557,Rio de Janeiro,Tomás Coelho,19809,3949,1086.35,2862.19,RAIS 2023 neighborhood shares + CEMPRE 2024,3954,5,9860,966.0,2997653
163,3304557,Rio de Janeiro,Turiaçú,11613,6399,4182.35,2216.62,RAIS 2023 neighborhood shares + CEMPRE 2024,6415,16,5780,3719.0,2997653
164,3304557,Rio de Janeiro,Urca,5215,2784,1800.47,983.61,RAIS 2023 neighborhood shares + CEMPRE 2024,2781,-3,2596,1601.0,2997653
165,3304557,Rio de Janeiro,Vargem Grande,21350,7438,3933.81,3504.63,RAIS 2023 neighborhood shares + CEMPRE 2024,7438,0,10628,3498.0,2997653
166,3304557,Rio de Janeiro,Vargem Pequena,31307,14157,8589.61,5567.7,RAIS 2023 neighborhood shares + CEMPRE 2024,14149,-8,15580,7638.0,2997653
167,3304557,Rio de Janeiro,Vasco da Gama,14471,2600,546.55,2053.37,RAIS 2023 neighborhood shares + CEMPRE 2024,2598,-2,7202,486.0,2997653
168,3304557,Rio de Janeiro,Vaz Lobo,11186,3481,1699.25,1781.22,RAIS 2023 neighborhood shares + CEMPRE 2024,3475,-6,5567,1511.0,2997653
169,3304557,Rio de Janeiro,Vicente de Carvalho,21300,6777,3365.89,3411.53,RAIS 2023 neighborhood shares + CEMPRE 2024,6772,-5,10600,2993.0,2997653
170,3304557,Rio de Janeiro,Vidigal,15112,4126,1795.97,2330.47,RAIS 2023 neighborhood shares + CEMPRE 2024,4125,-1,7522,1597.0,2997653
171,3304557,Rio de Janeiro,Vigário Geral,34645,11604,5978.31,5625.46,RAIS 2023 neighborhood shares + CEMPRE 2024,11602,-2,17241,5316.0,2997653
172,3304557,Rio de Janeiro,Vila Isabel,65396,30375,18638.94,11735.96,RAIS 2023 neighborhood shares + CEMPRE 2024,30373,-2,32547,16574.0,2997653
173,3304557,Rio de Janeiro,Vila Kosmos,14878,3179,1000.88,2177.82,RAIS 2023 neighborhood shares + CEMPRE 2024,3178,-1,7405,890.0,2997653
174,3304557,Rio de Janeiro,Vila Militar,14857,3469,1255.04,2213.57,RAIS 2023 neighborhood shares + CEMPRE 2024,3460,-9,7395,1116.0,2997653
175,3304557,Rio de Janeiro,Vila Valqueire,34024,12729,7028.68,5700.49,RAIS 2023 neighborhood shares + CEMPRE 2024,12727,-2,16934,6250.0,2997653
176,3304557,Rio de Janeiro,Vila da Penha,21950,12592,8336.58,4255.23,RAIS 2023 neighborhood shares + CEMPRE 2024,12594,2,10924,7413.0,2997653
177,3304557,Rio de Janeiro,Vista Alegre,15252,4055,1717.25,2337.58,RAIS 2023 neighborhood shares + CEMPRE 2024,4047,-8,7590,1527.0,2997653
178,3304557,Rio de Janeiro,Zumbi,1493,414,183.31,231.13,RAIS 2023 neighborhood shares + CEMPRE 2024,395,-19,743,163.0,2997653
179,3304557,Rio de Janeiro,Água Santa,6419,1738,750.1,987.96,RAIS 2023 neighborhood shares + CEMPRE 2024,1723,-15,3195,667.0,2997653
180,3304904,São Gonçalo,Total no recorte municipal,901445,252230,112412.69,139817.33,CEMPRE 2024 municipality + mapped employment/local services proxy,252250,20,414423,,133603
181,3305109,São João de Meriti,Total no recorte municipal,440962,130138,60852.1,69285.52,CEMPRE 2024 municipality + mapped employment/local services proxy,130164,26,202723,,72323
182,3305554,Seropédica,Total no recorte municipal,81044,30847,17198.92,13647.77,CEMPRE 2024 municipality + mapped employment/local services proxy,30866,19,37259,,20441
