municipality,bairro,population
Belford Roxo,Andrade Araújo,15229
Belford Roxo,Areia Branca,16011
Belford Roxo,Barro Vermelho,7131
Belford Roxo,Bom Pastor,21785
Belford Roxo,Centro,24648
Belford Roxo,Glaucia,19632
Belford Roxo,Heliópolis,22811
Belford Roxo,Itaipu,9707
Belford Roxo,Lote XV,12134
Belford Roxo,Maringá,18337
Belford Roxo,Nova Aurora,25955
Belford Roxo,Nova Piam,9564
Belford Roxo,Parque dos Ferreiras,12575
Belford Roxo,Pauline,27085
Belford Roxo,Piam,13760
Belford Roxo,Recantus,9330
Belford Roxo,Redentor,8484
Belford Roxo,Santa Amélia,13367
Belford Roxo,Santa Maria,8154
Belford Roxo,Santa Tereza,19126
Belford Roxo,Santo Antônio da Prata,13851
Belford Roxo,Shangri-lá,23638
Belford Roxo,São Bernardo,3581
Belford Roxo,São Francisco de Assis,19104
Belford Roxo,São José,20182
Belford Roxo,São Vicente,21933
Belford Roxo,Vale do Ipê,19694
Belford Roxo,Wona,18596
Belford Roxo,Xavantes,17896
Belford Roxo,das Graças,9787
Cachoeiras de Macacu,Cachoeiras de Macacu,1536
Duque de Caxias,Alto da Serra,68
Duque de Caxias,Amapá,8100
Duque de Caxias,Bar dos Cavalheiros,37735
Duque de Caxias,Barro Branco,19506
Duque de Caxias,Campos Elíseos,16494
Duque de Caxias,Cangulo,12042
Duque de Caxias,Capivari,1678
Duque de Caxias,Centenário,17342
Duque de Caxias,Centro,22547
Duque de Caxias,Chácaras Arcampo,14352
Duque de Caxias,Chácaras Rio-Petrópolis,13583
Duque de Caxias,Cidade Parque Paulista,27210
Duque de Caxias,Cidade dos Meninos,2440
Duque de Caxias,Doutor Laureano,38863
Duque de Caxias,Duque de Caxias,2391
Duque de Caxias,Figueira,16511
Duque de Caxias,Gramacho,49207
Duque de Caxias,Imbariê,29773
Duque de Caxias,Jardim Anhangá,12286
Duque de Caxias,Jardim Primavera,40270
Duque de Caxias,Lamarão,159
Duque de Caxias,Mantiquira,13764
Duque de Caxias,Meio da Serra,2414
Duque de Caxias,Olavo Bilac,34543
Duque de Caxias,Parada Angélica,16259
Duque de Caxias,Parada Morabi,2851
Duque de Caxias,Parque Duque,39850
Duque de Caxias,Parque Eldorado,8981
Duque de Caxias,Parque Fluminense,29978
Duque de Caxias,Parque Sarapuí,1305
Duque de Caxias,Periquito,18036
Duque de Caxias,Pilar,30035
Duque de Caxias,Santa Cruz da Serra,25740
Duque de Caxias,Santa Lúcia,16449
Duque de Caxias,Santo Antônio,9956
Duque de Caxias,Saracuruna,44560
Duque de Caxias,São Bento,27604
Duque de Caxias,Taquara,11658
Duque de Caxias,Vila São José,32167
Duque de Caxias,Vila São Luís,24813
Duque de Caxias,Vinte e Cinco de Agosto,14321
Duque de Caxias,Xerém,17109
Engenheiro Paulo de Frontin,Engenheiro Paulo de Frontin,167
Guapimirim,Guapimirim,12404
Itaboraí,Aldeia da Prata,4933
Itaboraí,Alto Jacu,37
Itaboraí,Ampliação,15084
Itaboraí,Apollo II,6521
Itaboraí,Areal,7707
Itaboraí,Badureco,1007
Itaboraí,Bela Vista,1921
Itaboraí,Cabuçu,2423
Itaboraí,Caluge,3521
Itaboraí,Calundu,766
Itaboraí,City Areal,1081
Itaboraí,Colônia,2160
Itaboraí,Curuzu,124
Itaboraí,Esperança,14870
Itaboraí,Gebara,2815
Itaboraí,Grande Rio,4695
Itaboraí,Granjas Cabuçu,2351
Itaboraí,Iguá,201
Itaboraí,Itaboraí,5684
Itaboraí,Itamarati,2321
Itaboraí,Itambi,1201
Itaboraí,Itaville,434
Itaboraí,Jardim Ferma,1421
Itaboraí,Jardim Imperial,3481
Itaboraí,Jardim Itambi,2378
Itaboraí,Joaquim de Oliveira,6135
Itaboraí,João Caetano,6581
Itaboraí,Manilha,9124
Itaboraí,Marambaia,7189
Itaboraí,Maravilha,549
Itaboraí,Monte Verde,4713
Itaboraí,Morada do Sol I,623
Itaboraí,Morada do Sol II,1112
Itaboraí,Nancilândia,2330
Itaboraí,Nossa Senhora da Conceição,9
Itaboraí,Nova Cidade,7862
Itaboraí,Novo Horizonte,8125
Itaboraí,Outeiro das Pedras,5736
Itaboraí,Parque Aurora,1487
Itaboraí,Perobas,313
Itaboraí,Pitanga,43
Itaboraí,Porto das Caixas,2790
Itaboraí,Quissamã,5119
Itaboraí,Recanto dos Magalhães,398
Itaboraí,Retiro,1938
Itaboraí,Retiro São Joaquim,8782
Itaboraí,Rio Várzea,4403
Itaboraí,Santo Antônio,5823
Itaboraí,Santo Expedito,2834
Itaboraí,Sapê,436
Itaboraí,Sossego,3585
Itaboraí,São José,1090
Itaboraí,São Miguel,873
Itaboraí,São Sebastião,81
Itaboraí,Três Pontes,2104
Itaboraí,Venda das Pedras,3271
Itaboraí,Vila Brasil,6022
Itaboraí,Vila Gabriela,4248
Itaboraí,Vila Rica,785
Itaboraí,Vila Verde,1639
Itaboraí,Vila Visconde,1897
Itaboraí,Vilage do Sol,395
Itaboraí,Visconde,1553
Itaguaí,Itaguaí,117232
Japeri,Alecrim,3970
Japeri,Aljezur,1187
Japeri,Bananal,1290
Japeri,Beira-Rio,1245
Japeri,Belo Horizonte,7562
Japeri,Cajuri,3145
Japeri,Caramujos,6626
Japeri,Centro de Engenheiro Pedreira,11199
Japeri,Centro de Japeri,2124
Japeri,Chacrinha,3475
Japeri,Delamare,4396
Japeri,Esperança,635
Japeri,Fazenda Americana,1602
Japeri,Guandu,1806
Japeri,Lagoa do Sapo,3181
Japeri,Laranjal,927
Japeri,Marajoara,3433
Japeri,Mucajá,5243
Japeri,Nova Belém,10884
Japeri,Pedra Lisa,1561
Japeri,Proletário,1831
Japeri,Rio D'Ouro,2201
Japeri,Santa Amelia,1424
Japeri,Santa Inês,1241
Japeri,Santo Antônio,104
Japeri,São Cosme e São Damião,2643
Japeri,São Jorge,2068
Japeri,São Pedro,114
Japeri,Virgem de Fátima,1672
Japeri,das Granjas,895
Japeri,dos Eucaliptos,6605
Magé,Magé,218335
Mangaratiba,Mangaratiba,1339
Maricá,Maricá,146389
Mendes,Mendes,3
Mesquita,Alto Uruguai,4503
Mesquita,BNH,5201
Mesquita,Banco de Areia,10464
Mesquita,Centro,13636
Mesquita,Chatuba,30512
Mesquita,Coréia,6904
Mesquita,Cosmorama,11030
Mesquita,Cruzeiro do Sul,3947
Mesquita,Edson Passos,13192
Mesquita,Jacutinga,10904
Mesquita,Juscelino,7086
Mesquita,Mesquita,44
Mesquita,Rocha Sobrinho,9230
Mesquita,Santa Terezinha,10656
Mesquita,Santo Elias,11257
Mesquita,Vila Emil,14522
Mesquita,Vila Norma,4198
Miguel Pereira,Miguel Pereira,312
Nilópolis,Cabral,11260
Nilópolis,Cabuís,6824
Nilópolis,Cabuís II,4749
Nilópolis,Centro,17257
Nilópolis,Centro de Olinda,9512
Nilópolis,Frigorífico,3001
Nilópolis,Manoel Reis,18308
Nilópolis,Manoel Reis II,4685
Nilópolis,Nossa Senhora de Fátima,11219
Nilópolis,Nova Cidade,8792
Nilópolis,Novo Horizonte,8767
Nilópolis,Paiol,10334
Nilópolis,Santos Dumont,14095
Nilópolis,Tropical,5213
Nilópolis,da Mina,12758
Niterói,Badu,7055
Niterói,Baldeador,4335
Niterói,Barreto,18699
Niterói,Boa Viagem,2486
Niterói,Cachoeira,2998
Niterói,Cafubá,4538
Niterói,Camboinhas,6137
Niterói,Cantagalo,9853
Niterói,Caramujo,8457
Niterói,Centro,17938
Niterói,Charitas,10509
Niterói,Cubango,8318
Niterói,Engenho do Mato,12866
Niterói,Engenhoca,16700
Niterói,Fonseca,46317
Niterói,Fátima,3783
Niterói,Gragoatá,250
Niterói,Icaraí,77247
Niterói,Ilha da Conceição,8399
Niterói,Ingá,15124
Niterói,Itacoatiara,2209
Niterói,Itaipu,7862
Niterói,Ititioca,5864
Niterói,Jacaré,4878
Niterói,Jardim Imbuí,1190
Niterói,Jurujuba,3770
Niterói,Largo da Batalha,9637
Niterói,Maceió,4054
Niterói,Maravista,10584
Niterói,Maria Paula,6427
Niterói,Matapaca,1055
Niterói,Morro do Estado,3111
Niterói,Muriqui,1073
Niterói,Piratininga,18492
Niterói,Ponta D'Areia,5657
Niterói,Pé Pequeno,3335
Niterói,Rio do Ouro,3619
Niterói,Santa Bárbara,6609
Niterói,Santa Rosa,34112
Niterói,Santana,6813
Niterói,Santo Antônio,5754
Niterói,Sapê,6465
Niterói,Serra Grande,10152
Niterói,São Domingos,4415
Niterói,São Francisco,8974
Niterói,São Lourenço,7114
Niterói,Tenente Jardim,3031
Niterói,Vila Progresso,3840
Niterói,Viradouro,2795
Niterói,Vital Brasil,2889
Niterói,Viçoso Jardim,4403
Niterói,Várzea das Moças,2799
Nova Iguaçu,Adrianópolis,4904
Nova Iguaçu,Ambaí,5812
Nova Iguaçu,Austin,23216
Nova Iguaçu,Boa Esperança,4775
Nova Iguaçu,Botafogo,4188
Nova Iguaçu,Cabuçu,29731
Nova Iguaçu,Cacuia,7020
Nova Iguaçu,Califórnia,4663
Nova Iguaçu,Campo Alegre,12910
Nova Iguaçu,Caonze,4711
Nova Iguaçu,Carlos Sampaio,7080
Nova Iguaçu,Carmary,17489
Nova Iguaçu,Centro,25806
Nova Iguaçu,Chacrinha,4114
Nova Iguaçu,Comendador Soares,23431
Nova Iguaçu,Corumbá,12813
Nova Iguaçu,Danon,5827
Nova Iguaçu,Engenho Pequeno,11822
Nova Iguaçu,Figueiras,2445
Nova Iguaçu,Geneciano,8257
Nova Iguaçu,Grama,10506
Nova Iguaçu,Iguaçu Velho,7044
Nova Iguaçu,Inconfidência,5835
Nova Iguaçu,Ipiranga,14154
Nova Iguaçu,Jardim Alvorada,15054
Nova Iguaçu,Jardim Guandu,22143
Nova Iguaçu,Jardim Iguaçu,8978
Nova Iguaçu,Jardim Nova Era,12309
Nova Iguaçu,Jardim Palmares,17945
Nova Iguaçu,Jardim Pernambuco,10297
Nova Iguaçu,Jardim Tropical,10345
Nova Iguaçu,Juscelino,2328
Nova Iguaçu,Kennedy,13981
Nova Iguaçu,Km - 32,16164
Nova Iguaçu,Lagoinha,14183
Nova Iguaçu,Marapicu,19815
Nova Iguaçu,Miguel Couto,6831
Nova Iguaçu,Montevidéu,3303
Nova Iguaçu,Moquetá,7106
Nova Iguaçu,Nova América,14623
Nova Iguaçu,Ouro Verde,9213
Nova Iguaçu,Paraíso,16177
Nova Iguaçu,Parque Ambaí,10448
Nova Iguaçu,Parque Flora,6718
Nova Iguaçu,Ponto Chic,16685
Nova Iguaçu,Prados Verdes,12063
Nova Iguaçu,Rancho Fundo,6849
Nova Iguaçu,Rancho Novo,7972
Nova Iguaçu,Riachão,11228
Nova Iguaçu,Rodilândia,14373
Nova Iguaçu,Rosa dos Ventos,13772
Nova Iguaçu,Santa Eugênia,11667
Nova Iguaçu,Santa Rita,25812
Nova Iguaçu,Tinguazinho,11299
Nova Iguaçu,Tinguá,4094
Nova Iguaçu,Três Corações,3235
Nova Iguaçu,"U.R.G. de Tinguá,Adrianópolis,Rio D'Ouro e Jacer",1210
Nova Iguaçu,Unidade Regional de Governo Centro - URG I,52
Nova Iguaçu,Unidade Regional de Governo de Km 32 - URG VIII,215
Nova Iguaçu,Valverde,12007
Nova Iguaçu,Vila Guimarães,14285
Nova Iguaçu,Vila Nova,8603
Nova Iguaçu,Vila Operária,11093
Nova Iguaçu,Vila de Cava,16413
Nova Iguaçu,da Cerâmica,20049
Nova Iguaçu,da Luz,23823
Nova Iguaçu,da Palhada,14200
Nova Iguaçu,da Posse,10921
Nova Iguaçu,da Prata,6933
Nova Iguaçu,da Viga,10299
Paracambi,Paracambi,40406
Piraí,Piraí,9087
Queimados,Centro,23389
Queimados,Industrial,526
Queimados,Leste,6386
Queimados,Nordeste,24347
Queimados,Norte,22037
Queimados,Oeste,54384
Queimados,Sul,11093
Rio Claro,Rio Claro,67
Rio de Janeiro,Abolição,9196
Rio de Janeiro,Acari,29673
Rio de Janeiro,Alto da Boa Vista,8079
Rio de Janeiro,Anchieta,52569
Rio de Janeiro,Andaraí,34576
Rio de Janeiro,Anil,31895
Rio de Janeiro,Bancários,11907
Rio de Janeiro,Bangu,209302
Rio de Janeiro,Barra da Tijuca,151603
Rio de Janeiro,Barra de Guaratiba,5091
Rio de Janeiro,Barros Filho,20444
Rio de Janeiro,Benfica,22661
Rio de Janeiro,Bento Ribeiro,37306
Rio de Janeiro,Bonsucesso,16872
Rio de Janeiro,Botafogo,76728
Rio de Janeiro,Brás de Pina,45048
Rio de Janeiro,Cachambi,39022
Rio de Janeiro,Cacuia,10765
Rio de Janeiro,Caju,24116
Rio de Janeiro,Camorim,7037
Rio de Janeiro,Campinho,8579
Rio de Janeiro,Campo Grande,352356
Rio de Janeiro,Campo dos Afonsos,2106
Rio de Janeiro,Cascadura,26895
Rio de Janeiro,Catete,22295
Rio de Janeiro,Catumbi,12201
Rio de Janeiro,Cavalcanti,13799
Rio de Janeiro,Centro,23774
Rio de Janeiro,Cidade Nova,4745
Rio de Janeiro,Cidade Universitária,1303
Rio de Janeiro,Cidade de Deus,30576
Rio de Janeiro,Cocotá,5021
Rio de Janeiro,Coelho Neto,26780
Rio de Janeiro,Colégio,26358
Rio de Janeiro,Complexo do Alemão,54500
Rio de Janeiro,Copacabana,128919
Rio de Janeiro,Cordovil,34668
Rio de Janeiro,Cosme Velho,6408
Rio de Janeiro,Cosmos,97570
Rio de Janeiro,Costa Barros,26272
Rio de Janeiro,Curicica,29038
Rio de Janeiro,Del Castilho,20597
Rio de Janeiro,Deodoro,10402
Rio de Janeiro,Encantado,12405
Rio de Janeiro,Engenheiro Leal,5200
Rio de Janeiro,Engenho Novo,39424
Rio de Janeiro,Engenho da Rainha,24188
Rio de Janeiro,Engenho de Dentro,42826
Rio de Janeiro,Estácio,23260
Rio de Janeiro,Flamengo,43099
Rio de Janeiro,Freguesia (Ilha do Governador),21360
Rio de Janeiro,Freguesia (Jacarepaguá),75912
Rio de Janeiro,Galeão,23498
Rio de Janeiro,Gamboa,11416
Rio de Janeiro,Gardênia Azul,20490
Rio de Janeiro,Gericinó,23130
Rio de Janeiro,Glória,7120
Rio de Janeiro,Grajaú,32816
Rio de Janeiro,Grumari,184
Rio de Janeiro,Guadalupe,40820
Rio de Janeiro,Guaratiba,160488
Rio de Janeiro,Gávea,14100
Rio de Janeiro,Higienópolis,14227
Rio de Janeiro,Honório Gurgel,18213
Rio de Janeiro,Humaitá,13044
Rio de Janeiro,Inhaúma,37233
Rio de Janeiro,Inhoaíba,72141
Rio de Janeiro,Ipanema,37392
Rio de Janeiro,Irajá,86388
Rio de Janeiro,Itanhangá,68537
Rio de Janeiro,Jacarepaguá,217462
Rio de Janeiro,Jacarezinho,35458
Rio de Janeiro,Jacaré,8088
Rio de Janeiro,Jardim América,20244
Rio de Janeiro,Jardim Botânico,15871
Rio de Janeiro,Jardim Carioca,20374
Rio de Janeiro,Jardim Guanabara,27084
Rio de Janeiro,Jardim Sulacap,14396
Rio de Janeiro,Joá,1966
Rio de Janeiro,Lagoa,18676
Rio de Janeiro,Lapa,8984
Rio de Janeiro,Laranjeiras,39982
Rio de Janeiro,Leblon,37709
Rio de Janeiro,Leme,12479
Rio de Janeiro,Lins de Vasconcelos,30910
Rio de Janeiro,Madureira,39888
Rio de Janeiro,Magalhães Bastos,20636
Rio de Janeiro,Mangueira,18247
Rio de Janeiro,Manguinhos,28855
Rio de Janeiro,Maracanã,22915
Rio de Janeiro,Marechal Hermes,41507
Rio de Janeiro,Maria da Graça,7209
Rio de Janeiro,Maré,124832
Rio de Janeiro,Moneró,5723
Rio de Janeiro,Méier,39700
Rio de Janeiro,Olaria,51222
Rio de Janeiro,Oswaldo Cruz,29819
Rio de Janeiro,Paciência,105701
Rio de Janeiro,Padre Miguel,60410
Rio de Janeiro,Paquetá,4185
Rio de Janeiro,Parada de Lucas,22069
Rio de Janeiro,Parque Anchieta,21552
Rio de Janeiro,Parque Colúmbia,8222
Rio de Janeiro,Pavuna,95337
Rio de Janeiro,Pechincha,37487
Rio de Janeiro,Pedra de Guaratiba,11950
Rio de Janeiro,Penha,58516
Rio de Janeiro,Penha Circular,36725
Rio de Janeiro,Piedade,38181
Rio de Janeiro,Pilares,23518
Rio de Janeiro,Pitangueiras,10242
Rio de Janeiro,Portuguesa,19831
Rio de Janeiro,Praia da Bandeira,5153
Rio de Janeiro,Praça Seca,63158
Rio de Janeiro,Praça da Bandeira,7215
Rio de Janeiro,Quintino Bocaiúva,25271
Rio de Janeiro,Ramos,34453
Rio de Janeiro,Realengo,167919
Rio de Janeiro,Recreio dos Bandeirantes,140437
Rio de Janeiro,Riachuelo,10514
Rio de Janeiro,Ribeira,5425
Rio de Janeiro,Ricardo de Albuquerque,27779
Rio de Janeiro,Rio Comprido,40269
Rio de Janeiro,Rocha,14627
Rio de Janeiro,Rocha Miranda,36360
Rio de Janeiro,Rocinha,72154
Rio de Janeiro,Sampaio,8832
Rio de Janeiro,Santa Cruz,249134
Rio de Janeiro,Santa Teresa,36176
Rio de Janeiro,Santo Cristo,9936
Rio de Janeiro,Santíssimo,48187
Rio de Janeiro,Saúde,1876
Rio de Janeiro,Senador Camará,107267
Rio de Janeiro,Senador Vasconcelos,32296
Rio de Janeiro,Sepetiba,59584
Rio de Janeiro,São Conrado,9739
Rio de Janeiro,São Cristóvão,28016
Rio de Janeiro,São Francisco Xavier,6340
Rio de Janeiro,Tanque,36217
Rio de Janeiro,Taquara,107809
Rio de Janeiro,Tauá,26482
Rio de Janeiro,Tijuca,142909
Rio de Janeiro,Todos os Santos,22593
Rio de Janeiro,Tomás Coelho,20343
Rio de Janeiro,Turiaçu,11613
Rio de Janeiro,Urca,5215
Rio de Janeiro,Vargem Grande,21350
Rio de Janeiro,Vargem Pequena,31307
Rio de Janeiro,Vasco da Gama,14471
Rio de Janeiro,Vaz Lobo,10995
Rio de Janeiro,Vicente de Carvalho,21300
Rio de Janeiro,Vidigal,15112
Rio de Janeiro,Vigário Geral,34645
Rio de Janeiro,Vila Isabel,65790
Rio de Janeiro,Vila Kennedy,21749
Rio de Janeiro,Vila Kosmos,14878
Rio de Janeiro,Vila Militar,12956
Rio de Janeiro,Vila Valqueire,34024
Rio de Janeiro,Vila da Penha,21950
Rio de Janeiro,Vista Alegre,7059
Rio de Janeiro,Zumbi,1817
Rio de Janeiro,Água Santa,6419
Seropédica,Seropédica,81044
São Gonçalo,Almerinda,10626
São Gonçalo,Amendoeira,11485
São Gonçalo,Anaia Grande,1328
São Gonçalo,Anaia Pequeno,5773
São Gonçalo,Antonina,6182
São Gonçalo,Apolo III,10638
São Gonçalo,Arrastão,5118
São Gonçalo,Arsenal,12156
São Gonçalo,Barracão,3967
São Gonçalo,Barro Vermelho,9142
São Gonçalo,Barro Vermelho II,3273
São Gonçalo,Boa Vista,14098
São Gonçalo,Boaçu,22620
São Gonçalo,Bom Retiro,23581
São Gonçalo,Brasilândia,1385
São Gonçalo,Brasilândia II,4081
São Gonçalo,Camarão,2897
São Gonçalo,Centro,4705
São Gonçalo,Coelho,15771
São Gonçalo,Colubandê,27997
São Gonçalo,Covanca,6860
São Gonçalo,Covanca II,4902
São Gonçalo,Cruzeiro do Sul,3933
São Gonçalo,Eliane,4130
São Gonçalo,Engenho Pequeno,1906
São Gonçalo,Engenho Pequeno II,8405
São Gonçalo,Engenho do Roçado,6694
São Gonçalo,Estrela do Norte,4432
São Gonçalo,Fazenda dos Mineiros,5881
São Gonçalo,Galo Branco,12770
São Gonçalo,Gebara,489
São Gonçalo,Gradim,12015
São Gonçalo,Guarani,3162
São Gonçalo,Guaxindiba,4582
São Gonçalo,Ieda,4300
São Gonçalo,Ipiíba,1823
São Gonçalo,Itaóca,4275
São Gonçalo,Itaúna,15737
São Gonçalo,Jardim Alcântara,4735
São Gonçalo,Jardim Amendoeira,1109
São Gonçalo,Jardim Catarina,66278
São Gonçalo,Jardim Nova República,6563
São Gonçalo,Jockey,15196
São Gonçalo,Lagoinha,3423
São Gonçalo,Lagoinha II,4424
São Gonçalo,Laranjal,19869
São Gonçalo,Largo da Ideia,1377
São Gonçalo,Largo da Idéia II,612
São Gonçalo,Lindo Parque,1514
São Gonçalo,Lindo Parque II,5491
São Gonçalo,Luiz Caçador,4537
São Gonçalo,Mangueira,2772
São Gonçalo,Marambaia,6808
São Gonçalo,Maria Paula,12910
São Gonçalo,Maria Paula II,4819
São Gonçalo,Miriambi,6836
São Gonçalo,Monjolo,9949
São Gonçalo,Morro do Castro,4956
São Gonçalo,Mutondo,20077
São Gonçalo,Mutuaguaçu,4616
São Gonçalo,Mutuapira,8698
São Gonçalo,Mutuá,9620
São Gonçalo,Neves,8607
São Gonçalo,Neves II,4014
São Gonçalo,Nova Cidade,10656
São Gonçalo,Novo México,2895
São Gonçalo,Pacheco,7117
São Gonçalo,Pacheco II,5631
São Gonçalo,Palmeiras,5204
São Gonçalo,Parada Quarenta,2704
São Gonçalo,Paraíso,5725
São Gonçalo,Patronato,3876
São Gonçalo,Pedro Alcântara,13378
São Gonçalo,Pita,6064
São Gonçalo,Pita II,5576
São Gonçalo,Porto Novo,13697
São Gonçalo,Porto Velho,9981
São Gonçalo,Porto da Madame,6346
São Gonçalo,Porto da Pedra,11469
São Gonçalo,Porto da Rosa,20756
São Gonçalo,Raul Veiga,5925
São Gonçalo,Raul Veiga II,2756
São Gonçalo,Recanto das Acácias,2643
São Gonçalo,Rio do Ouro,9322
São Gonçalo,Rocha,19529
São Gonçalo,Rosane,1211
São Gonçalo,Sacramento,11191
São Gonçalo,Sacramento II,2113
São Gonçalo,Salgueiro,9135
São Gonçalo,Santa Catarina,6795
São Gonçalo,Santa Catarina II,6128
São Gonçalo,Santa Isabel,15731
São Gonçalo,Santa Luzia,15171
São Gonçalo,São Gonçalo,770
São Gonçalo,São Miguel,3558
São Gonçalo,Tenente Jardim,2351
São Gonçalo,Tiradentes,1981
São Gonçalo,Tribobó,1863
São Gonçalo,Tribobó II,3745
São Gonçalo,Tribobó III,11268
São Gonçalo,Trindade,29420
São Gonçalo,Venda da Cruz,8221
São Gonçalo,Vila Candosa,1114
São Gonçalo,Vila Lage,14933
São Gonçalo,Vila Três,4221
São Gonçalo,Vila Yara,3737
São Gonçalo,Vista Alegre,22944
São Gonçalo,Várzea das Moças,3431
São Gonçalo,Zumbi,2914
São Gonçalo,Zé Garoto,684
São Gonçalo,Zé Garoto II,2636
São João de Meriti,Agostinho Porto,11958
São João de Meriti,Centro,24469
São João de Meriti,Coelho da Rocha,36955
São João de Meriti,Engenheiro Belford,11398
São João de Meriti,Jardim Meriti,26158
São João de Meriti,Jardim Metrópole,21157
São João de Meriti,Jardim Paraíso,7975
São João de Meriti,Jardim Sumaré,34755
São João de Meriti,Parque Araruama,30575
São João de Meriti,São Matheus,16318
São João de Meriti,Tomazinho,11737
São João de Meriti,Venda Velha,27648
São João de Meriti,Vila Rosali,21723
São João de Meriti,Vila Tiradentes,15758
São João de Meriti,Vilar dos Teles,86186
São João de Meriti,Éden,56192
