municipality,activity,active_links,establishments
3300456,agriculture,3,2
3300456,business_services,1465,140
3300456,construction,941,107
3300456,domestic,2,2
3300456,education,2049,146
3300456,entertainment,187,30
3300456,food,858,111
3300456,health,937,97
3300456,hotel,75,3
3300456,industry,1550,146
3300456,office,813,113
3300456,personal_services,353,95
3300456,public_admin,29426,4
3300456,retail,6509,804
3300456,transport,3585,79
3300456,utilities,127,15
3300456,vehicle_trade,348,102
3300456,wholesale,1844,64
3300803,agriculture,523,169
3300803,business_services,1003,39
3300803,construction,261,34
3300803,education,308,27
3300803,entertainment,24,7
3300803,food,256,38
3300803,health,479,44
3300803,hotel,79,15
3300803,industry,1201,76
3300803,office,451,55
3300803,personal_services,140,31
3300803,public_admin,1661,6
3300803,retail,1582,245
3300803,transport,249,15
3300803,utilities,354,6
3300803,vehicle_trade,91,33
3300803,wholesale,115,25
3301702,agriculture,20,9
3301702,business_services,19650,725
3301702,construction,7316,388
3301702,education,7413,413
3301702,entertainment,807,74
3301702,food,5452,558
3301702,health,7594,556
3301702,hotel,504,21
3301702,industry,19505,926
3301702,office,14038,659
3301702,other,70,1
3301702,personal_services,4136,347
3301702,public_admin,17185,6
3301702,retail,24797,2948
3301702,transport,22585,627
3301702,utilities,4333,82
3301702,vehicle_trade,2945,445
3301702,wholesale,17624,590
3301801,agriculture,79,12
3301801,business_services,123,6
3301801,construction,21,4
3301801,education,49,4
3301801,entertainment,1,1
3301801,food,7,3
3301801,health,9,6
3301801,hotel,99,9
3301801,industry,148,17
3301801,office,43,12
3301801,personal_services,16,6
3301801,public_admin,1333,2
3301801,retail,241,50
3301801,transport,16,3
3301801,utilities,79,2
3301801,vehicle_trade,4,3
3301801,wholesale,44,4
3301850,agriculture,81,19
3301850,business_services,1052,48
3301850,construction,432,20
3301850,education,233,19
3301850,entertainment,33,10
3301850,food,341,48
3301850,health,445,33
3301850,hotel,102,11
3301850,industry,1137,61
3301850,office,768,38
3301850,personal_services,96,25
3301850,public_admin,4724,3
3301850,retail,1346,204
3301850,transport,103,20
3301850,utilities,58,3
3301850,vehicle_trade,127,32
3301850,wholesale,330,23
3301900,agriculture,155,50
3301900,business_services,4845,222
3301900,construction,2741,121
3301900,education,1522,118
3301900,entertainment,187,23
3301900,food,1305,132
3301900,health,1672,150
3301900,hotel,130,10
3301900,industry,2938,187
3301900,office,2508,173
3301900,personal_services,721,92
3301900,public_admin,8985,4
3301900,retail,6678,737
3301900,transport,1867,81
3301900,utilities,573,16
3301900,vehicle_trade,683,142
3301900,wholesale,1806,73
3302007,agriculture,198,37
3302007,business_services,2038,80
3302007,construction,3358,78
3302007,education,1307,68
3302007,entertainment,182,15
3302007,food,2089,117
3302007,health,753,100
3302007,hotel,129,17
3302007,industry,3665,77
3302007,office,1238,112
3302007,personal_services,152,49
3302007,public_admin,9852,4
3302007,retail,3695,476
3302007,transport,3901,75
3302007,utilities,700,9
3302007,vehicle_trade,643,78
3302007,wholesale,450,43
3302270,agriculture,4,3
3302270,business_services,2842,17
3302270,construction,306,34
3302270,education,358,25
3302270,entertainment,37,10
3302270,food,137,16
3302270,health,124,21
3302270,industry,2368,51
3302270,office,176,21
3302270,personal_services,162,12
3302270,public_admin,2774,4
3302270,retail,1152,139
3302270,transport,721,22
3302270,utilities,52,2
3302270,vehicle_trade,71,17
3302270,wholesale,64,12
3302502,agriculture,71,22
3302502,business_services,1877,133
3302502,construction,2172,92
3302502,education,1390,87
3302502,entertainment,163,35
3302502,food,728,128
3302502,health,575,126
3302502,hotel,31,5
3302502,industry,2628,152
3302502,office,1213,164
3302502,personal_services,285,81
3302502,public_admin,9625,3
3302502,retail,5907,873
3302502,transport,1001,61
3302502,utilities,196,11
3302502,vehicle_trade,191,63
3302502,wholesale,694,63
3302601,agriculture,95,17
3302601,business_services,1112,87
3302601,construction,402,32
3302601,education,256,17
3302601,entertainment,193,16
3302601,food,380,68
3302601,health,29,11
3302601,hotel,1488,27
3302601,industry,195,19
3302601,office,238,31
3302601,personal_services,156,24
3302601,public_admin,3501,6
3302601,retail,804,166
3302601,transport,943,18
3302601,utilities,108,1
3302601,vehicle_trade,3,3
3302601,wholesale,36,12
3302700,agriculture,64,19
3302700,business_services,3243,245
3302700,construction,5044,106
3302700,education,1759,98
3302700,entertainment,139,28
3302700,food,1149,176
3302700,health,1004,126
3302700,hotel,52,15
3302700,industry,1408,105
3302700,office,1452,176
3302700,personal_services,413,93
3302700,public_admin,10182,9
3302700,retail,6658,845
3302700,transport,1667,39
3302700,utilities,28,4
3302700,vehicle_trade,218,61
3302700,wholesale,904,41
3302809,agriculture,9,4
3302809,business_services,108,10
3302809,construction,155,10
3302809,education,79,7
3302809,entertainment,2,2
3302809,food,37,15
3302809,health,54,14
3302809,hotel,17,4
3302809,industry,225,20
3302809,office,85,17
3302809,personal_services,41,9
3302809,public_admin,1467,3
3302809,retail,619,71
3302809,transport,43,6
3302809,utilities,26,2
3302809,vehicle_trade,16,10
3302809,wholesale,72,7
3302858,agriculture,1,1
3302858,business_services,4786,74
3302858,construction,824,49
3302858,education,1018,68
3302858,entertainment,200,20
3302858,food,585,63
3302858,health,456,46
3302858,hotel,103,3
3302858,industry,1052,86
3302858,office,689,66
3302858,personal_services,139,45
3302858,public_admin,2535,3
3302858,retail,3106,308
3302858,transport,2197,30
3302858,utilities,37,4
3302858,vehicle_trade,288,54
3302858,wholesale,369,52
3302908,agriculture,180,33
3302908,business_services,419,34
3302908,construction,327,24
3302908,education,205,15
3302908,entertainment,132,11
3302908,food,302,47
3302908,health,80,38
3302908,hotel,177,18
3302908,industry,165,30
3302908,office,527,58
3302908,personal_services,161,25
3302908,public_admin,1675,3
3302908,retail,1154,183
3302908,transport,105,12
3302908,utilities,113,4
3302908,vehicle_trade,86,20
3302908,wholesale,17,6
3303203,business_services,2862,114
3303203,construction,570,51
3303203,education,1653,95
3303203,entertainment,138,14
3303203,food,639,99
3303203,health,1354,147
3303203,hotel,69,3
3303203,industry,728,81
3303203,office,467,94
3303203,personal_services,232,75
3303203,public_admin,3312,4
3303203,retail,4120,501
3303203,transport,654,38
3303203,utilities,7,2
3303203,vehicle_trade,112,37
3303203,wholesale,264,52
3303302,agriculture,582,28
3303302,business_services,31629,2620
3303302,construction,10915,589
3303302,education,19675,538
3303302,entertainment,2155,177
3303302,food,10875,1195
3303302,health,19851,1585
3303302,hotel,840,51
3303302,industry,13047,413
3303302,office,21107,1564
3303302,personal_services,4948,723
3303302,public_admin,14297,15
3303302,retail,28316,3230
3303302,transport,10353,274
3303302,utilities,4223,28
3303302,vehicle_trade,2505,284
3303302,wholesale,2530,336
3303500,agriculture,41,12
3303500,business_services,12218,645
3303500,construction,4675,316
3303500,education,8169,395
3303500,entertainment,843,81
3303500,food,4516,486
3303500,health,10281,728
3303500,hotel,247,17
3303500,industry,7501,366
3303500,office,4517,586
3303500,personal_services,2853,314
3303500,public_admin,12625,10
3303500,retail,23436,2521
3303500,transport,6736,218
3303500,utilities,843,26
3303500,vehicle_trade,2590,395
3303500,wholesale,2419,214
3303609,agriculture,29,11
3303609,business_services,395,32
3303609,construction,1266,15
3303609,education,234,19
3303609,entertainment,26,3
3303609,food,270,43
3303609,health,199,42
3303609,hotel,44,5
3303609,industry,1642,46
3303609,office,295,49
3303609,personal_services,65,21
3303609,public_admin,4011,3
3303609,retail,1153,173
3303609,transport,180,9
3303609,utilities,76,6
3303609,vehicle_trade,59,17
3303609,wholesale,121,16
3303906,agriculture,474,96
3303906,business_services,6460,761
3303906,construction,3505,315
3303906,domestic,1,1
3303906,education,4808,188
3303906,entertainment,673,85
3303906,food,3636,563
3303906,health,6517,477
3303906,hotel,1210,98
3303906,industry,12151,622
3303906,office,4962,566
3303906,personal_services,1894,323
3303906,public_admin,7034,6
3303906,retail,14279,2117
3303906,transport,4043,162
3303906,utilities,2120,14
3303906,vehicle_trade,1201,216
3303906,wholesale,822,105
3304003,agriculture,161,56
3304003,business_services,566,20
3304003,construction,281,29
3304003,education,55,8
3304003,entertainment,37,4
3304003,food,446,46
3304003,health,537,16
3304003,hotel,194,11
3304003,industry,2436,28
3304003,office,153,30
3304003,personal_services,29,16
3304003,public_admin,2522,4
3304003,retail,613,122
3304003,transport,391,20
3304003,utilities,284,5
3304003,vehicle_trade,59,9
3304003,wholesale,556,16
3304144,business_services,526,48
3304144,construction,547,52
3304144,education,953,48
3304144,entertainment,128,14
3304144,food,515,55
3304144,health,491,62
3304144,hotel,9,1
3304144,industry,3389,99
3304144,office,948,68
3304144,personal_services,307,41
3304144,public_admin,4296,6
3304144,retail,3581,358
3304144,transport,1963,51
3304144,utilities,256,11
3304144,vehicle_trade,148,38
3304144,wholesale,2033,62
3304409,agriculture,355,69
3304409,business_services,63,8
3304409,construction,59,6
3304409,education,21,3
3304409,entertainment,3,1
3304409,food,96,24
3304409,health,13,7
3304409,hotel,1,1
3304409,industry,55,8
3304409,office,50,11
3304409,personal_services,16,7
3304409,public_admin,1268,2
3304409,retail,417,108
3304409,transport,112,15
3304409,utilities,47,4
3304409,vehicle_trade,13,8
3304409,wholesale,16,3
3304557,agriculture,1256,193
3304557,business_services,366054,27972
3304557,construction,126019,4779
3304557,domestic,4,2
3304557,education,152918,4387
3304557,entertainment,28872,1756
3304557,food,121818,10303
3304557,health,187497,10714
3304557,hotel,20828,497
3304557,industry,130619,4630
3304557,office,264629,14765
3304557,other,323,26
3304557,personal_services,97184,6716
3304557,public_admin,514642,202
3304557,retail,268940,26790
3304557,transport,125632,3620
3304557,utilities,40329,381
3304557,vehicle_trade,25741,3116
3304557,wholesale,74106,4302
3304904,agriculture,84,14
3304904,business_services,8058,762
3304904,construction,7649,356
3304904,domestic,3,3
3304904,education,7625,466
3304904,entertainment,755,95
3304904,food,4053,562
3304904,health,6794,582
3304904,hotel,316,20
3304904,industry,12035,648
3304904,office,4401,553
3304904,personal_services,4724,383
3304904,public_admin,13794,8
3304904,retail,23486,2631
3304904,transport,10053,219
3304904,utilities,1031,49
3304904,vehicle_trade,2328,361
3304904,wholesale,5326,349
3305109,business_services,10030,205
3305109,construction,842,95
3305109,education,3247,196
3305109,entertainment,328,36
3305109,food,4263,217
3305109,health,1673,220
3305109,hotel,435,18
3305109,industry,3383,270
3305109,office,2097,188
3305109,personal_services,1140,164
3305109,public_admin,14764,4
3305109,retail,11080,1221
3305109,transport,7569,148
3305109,utilities,211,15
3305109,vehicle_trade,976,183
3305109,wholesale,3485,176
3305554,agriculture,36,12
3305554,business_services,576,41
3305554,construction,330,33
3305554,education,3083,27
3305554,entertainment,73,10
3305554,food,307,46
3305554,health,154,36
3305554,hotel,10,2
3305554,industry,2791,92
3305554,office,564,44
3305554,personal_services,210,28
3305554,public_admin,5092,5
3305554,retail,2211,207
3305554,transport,887,28
3305554,utilities,530,7
3305554,vehicle_trade,143,23
3305554,wholesale,1178,32
