municipality_code,municipality,bairro,residents,resident_workers,jobs,jobs_per_resident,covered_area_km2,jobs_per_km2,residents_per_km2
3300456,Belford Roxo,Municipal total,483087,161368,103099,0.21341704496291558,78.97643695778683,1305.440001745163,6116.849766952789
3300803,Cachoeiras de Macacu,Municipal total,1536,90,1313,0.8548177083333334,63.684778339323415,20.617171547714445,24.118793219565415
3301702,Duque de Caxias,Municipal total,804931,304556,283098,0.351704680276943,358.76906634732217,789.0814079437232,2243.5908652747426
3301801,Engenheiro Paulo de Frontin,Municipal total,167,8,79,0.47305389221556887,3.708349044038541,21.30328053315225,45.03351707641045
3301850,Guapimirim,Municipal total,13443,3265,6973,0.5187086215874432,191.79051591465122,36.35737651961402,70.09209989289708
3301900,Itaboraí,Municipal total,211029,79354,63495,0.30088281705358033,297.62477052299363,213.33909771160853,709.0438058269633
3302007,Itaguaí,Municipal total,116807,42637,50731,0.43431472428878404,267.5841677820035,189.58894474403183,436.5243316456629
3302270,Japeri,Municipal total,96289,27319,23582,0.2449085565329373,81.67341739935672,288.73531622524877,1178.951525062038
3302502,Magé,Municipal total,217290,76852,58239,0.26802429932348476,291.3625624118556,199.88498013576725,745.771859642179
3302601,Mangaratiba,Municipal total,1295,68,176,0.13590733590733592,29.940294504054577,5.87836569129825,43.252747558132015
3302700,Maricá,Municipal total,144406,37725,30355,0.21020594712131074,170.31525257905838,178.22831214667377,847.8747370730546
3302809,Mendes,Municipal total,3,0,0,0.0,7.435698003324357,0.0,0.4034590967329171
3302858,Mesquita,Municipal total,167127,56677,36535,0.2186062096489496,41.161349592907186,887.6045212641816,4060.2896079189513
3302908,Miguel Pereira,Municipal total,312,11,42,0.1346153846153846,23.8692633251596,1.7595850960230324,13.071203570456811
3303203,Nilópolis,Municipal total,146774,53425,36122,0.2461062586016597,19.390279243553977,1862.8922021330995,7569.462933278433
3303302,Niterói,Municipal total,481749,210797,217247,0.45095475029527826,133.7816720454844,1623.8920973131374,3601.00896209617
3303500,Nova Iguaçu,Municipal total,785862,271814,200853,0.255583041297327,480.7006282104538,417.83386210193447,1634.8262387873242
3303609,Paracambi,Municipal total,40508,15310,17389,0.42927322997926337,166.55501640238634,104.40394036520209,243.210927385911
3303906,Petrópolis,Municipal total,19,0,40,2.1052631578947367,0.12745810017663,313.8286224615654,149.06859566924356
3304003,Piraí,Municipal total,9087,1344,7226,0.7952019368328381,220.78970591694713,32.72797511093272,41.156810106981126
3304144,Queimados,Municipal total,140523,51947,36776,0.261708047792888,75.90567526649848,484.49605211840276,1851.2844989078287
3304409,Rio Claro,Municipal total,67,0,125,1.8656716417910448,17.759814706636636,7.038361720817332,3.77256188235809
3304557,Rio de Janeiro,Abolição,9196,3525,8987,0.9772727272727273,0.6163342808202127,14581.37293294829,14920.474629063367
3304557,Rio de Janeiro,Acari,29673,12314,14406,0.4854918612880396,1.605528605341686,8972.745768633713,18481.76351469306
3304557,Rio de Janeiro,Alto da Boa Vista,8116,3145,1268,0.15623459832429767,31.49575964889348,40.25938774410694,257.6854818069179
3304557,Rio de Janeiro,Anchieta,52569,21131,9561,0.18187524967185983,4.345738720899581,2200.0862486322794,12096.677544644945
3304557,Rio de Janeiro,Andaraí,34602,13232,9234,0.26686318709901163,2.2613064906583373,4083.480075852828,15301.77361757197
3304557,Rio de Janeiro,Anil,35271,14573,16027,0.45439596268889454,3.5004199916066203,4578.593436910392,10076.219449258528
3304557,Rio de Janeiro,Bancários,11062,4501,27,0.0024407882842162358,0.9780491822470423,27.605973697527368,11310.26966822399
3304557,Rio de Janeiro,Bangu,208450,84037,50137,0.24052290717198369,35.96629317697658,1393.999647205641,5795.704299419906
3304557,Rio de Janeiro,Barra Olímpica,55282,23279,34395,0.6221735827213197,10.973064767156297,3134.4934828917053,5037.972633267023
3304557,Rio de Janeiro,Barra da Tijuca,142263,53262,123033,0.8648278188988001,46.27171326400157,2658.924671711197,3074.513346595222
3304557,Rio de Janeiro,Barra de Guaratiba,4755,1929,1555,0.3270241850683491,9.442055273108398,164.6887203074042,503.59798396251256
3304557,Rio de Janeiro,Barros Filho,20567,8299,5457,0.26532795254533964,1.7238689744661708,3165.5538099639302,11930.721130571405
3304557,Rio de Janeiro,Benfica,19995,8127,9824,0.4913228307076769,1.736417437377088,5657.625746283367,11515.088232587126
3304557,Rio de Janeiro,Bento Ribeiro,37306,14156,14784,0.3962901409960864,3.037854785617508,4866.592066873545,12280.37632892211
3304557,Rio de Janeiro,Bonsucesso,16872,6657,44167,2.617769084874348,2.1997220823421655,20078.445524796913,7670.059838666279
3304557,Rio de Janeiro,Botafogo,76553,30264,81658,1.066685825506512,4.79896863335455,17015.739472112335,15951.96923520801
3304557,Rio de Janeiro,Brás de Pina,37766,14777,20708,0.5483238892125192,2.9561691149603906,7005.011957943233,12775.317829036321
3304557,Rio de Janeiro,Cachambi,37935,14648,9609,0.2533017002767892,2.250165812694361,4270.351965082133,16858.757601768208
3304557,Rio de Janeiro,Cacuia,10392,4177,0,0.0,2.0686916703234606,0.0,5023.4649025174
3304557,Rio de Janeiro,Caju,24116,10217,8295,0.34396251451318627,5.347499852760973,1551.1921885733575,4509.771045163965
3304557,Rio de Janeiro,Camorim,1111,489,83,0.0747074707470747,7.3520228331624295,11.289409987359633,151.11487344525966
3304557,Rio de Janeiro,Campinho,10312,3976,0,0.0,0.9845131250576219,0.0,10474.21282412711
3304557,Rio de Janeiro,Campo Grande,354167,142653,104903,0.2961964271092451,104.4454266851568,1004.3809798989334,3390.928748537845
3304557,Rio de Janeiro,Campo dos Afonsos,2851,1253,87,0.03051560855840056,3.2523016366892037,26.750286326013953,876.6099576490319
3304557,Rio de Janeiro,Cascadura,26895,10559,9172,0.3410299312139803,2.838978326770547,3230.7397043194487,9473.478450465718
3304557,Rio de Janeiro,Catete,23447,9365,24772,1.056510427773276,0.6810285409513407,36374.39330427409,34428.806709402335
3304557,Rio de Janeiro,Catumbi,12201,4951,0,0.0,0.5394598926666705,0.0,22617.066005941124
3304557,Rio de Janeiro,Cavalcanti,14956,6179,4663,0.31178122492645094,1.924154412790699,2423.402180720524,7772.764961367395
3304557,Rio de Janeiro,Centro,23774,9616,541176,22.76335492554892,5.424753712155855,99760.47369437733,4382.503107325762
3304557,Rio de Janeiro,Cidade Nova,4745,1945,21124,4.451844046364594,0.9348553754423102,22596.00848955439,5075.651405175894
3304557,Rio de Janeiro,Cidade Universitária,1303,543,3023,2.3200306983883348,4.690719087133944,644.4640883082748,277.7825693237453
3304557,Rio de Janeiro,Cidade de Deus,29798,11965,5923,0.19877172964628498,1.2730281816054203,4652.685687233164,23407.18016346004
3304557,Rio de Janeiro,Cocotá,3439,1340,124,0.0360569933120093,0.4901037386657039,253.0076598427654,7016.881791929599
3304557,Rio de Janeiro,Coelho Neto,26780,10525,5706,0.21306945481702763,2.5119771504573176,2271.517477362879,10660.924998909553
3304557,Rio de Janeiro,Colégio,26358,10587,5594,0.21223158054480612,2.2611163416526465,2473.9991909975556,11657.073771239466
3304557,Rio de Janeiro,Copacabana,129154,47733,43844,0.3394707093856946,4.1008610108341035,10691.413311538265,31494.36171057415
3304557,Rio de Janeiro,Cordovil,31093,12239,14300,0.4599105908082205,3.6750679109219715,3891.084558601403,8460.523928712828
3304557,Rio de Janeiro,Cosme Velho,6408,2405,5736,0.8951310861423221,0.8925424698155152,6426.584945796033,7179.490295094312
3304557,Rio de Janeiro,Cosmos,95484,39727,14825,0.15526161451133175,11.261348974238222,1316.4497462883076,8478.91315848855
3304557,Rio de Janeiro,Costa Barros,26149,10471,3129,0.11966040766377299,1.8148365734178922,1724.1221858931,14408.459903777142
3304557,Rio de Janeiro,Curicica,29038,11852,18558,0.6390936014877058,3.3395744134601375,5556.995503739062,8695.119917963944
3304557,Rio de Janeiro,Del Castilho,21684,9215,9731,0.4487640656705405,1.4409183081072854,6753.332194648932,15048.736543907866
3304557,Rio de Janeiro,Deodoro,9976,3911,2377,0.2382718524458701,4.6405236251871385,512.2266778469731,2149.757399327473
3304557,Rio de Janeiro,Encantado,12405,4768,0,0.0,1.060149022426204,0.0,11701.18515188604
3304557,Rio de Janeiro,Engenheiro Leal,5200,2094,0,0.0,0.7082761743297911,0.0,7341.768915099423
3304557,Rio de Janeiro,Engenho Novo,39424,15752,4765,0.12086546266233766,2.6448541469709137,1801.611633464642,14905.925926067166
3304557,Rio de Janeiro,Engenho da Rainha,24188,9598,3873,0.16012072101868696,2.225650906842926,1740.1650852306527,10867.831934303906
3304557,Rio de Janeiro,Engenho de Dentro,42826,16613,9307,0.21732125344416944,3.920451004410914,2373.9615645058843,10923.743199906416
3304557,Rio de Janeiro,Estácio,23260,9643,0,0.0,0.9804032907536752,0.0,23724.93056619497
3304557,Rio de Janeiro,Flamengo,43099,15909,12475,0.2894498712267106,1.6462579637488346,7577.791740239854,26179.97965632044
3304557,Rio de Janeiro,Freguesia (Ilha),15900,6349,3016,0.18968553459119497,4.056413757929286,743.5138967528808,3919.718487523476
3304557,Rio de Janeiro,Freguesia (Jacarepaguá),76235,30208,25704,0.3371679674690103,10.328433605304209,2488.663913838746,7381.080511651758
3304557,Rio de Janeiro,Galeão,20816,8713,12196,0.5858954650269024,18.95747337773698,643.3346763563214,1098.0366204520487
3304557,Rio de Janeiro,Gamboa,11416,4799,766,0.06709880868955852,1.1129057204920747,688.2883122042995,10257.832078491232
3304557,Rio de Janeiro,Gardênia Azul,20188,8740,6647,0.3292550029720626,1.2362948056679364,5376.549322642189,16329.438502407178
3304557,Rio de Janeiro,Glória,5595,2237,0,0.0,1.1400685417293206,0.0,4907.59967072961
3304557,Rio de Janeiro,Grajaú,32635,12057,454,0.013911444767887238,5.739119772690741,79.10620756868185,5686.4120793038155
3304557,Rio de Janeiro,Grumari,184,81,40,0.21739130434782608,9.598851461605243,4.16716522388093,19.168960029852276
3304557,Rio de Janeiro,Guadalupe,40820,15977,11173,0.2737138657520823,3.82001798152512,2924.855342052407,10685.813574024814
3304557,Rio de Janeiro,Guaratiba,160224,67430,44037,0.2748464649490713,147.21621464037295,299.13145170574967,1088.358374051412
3304557,Rio de Janeiro,Gávea,14100,5039,5928,0.4204255319148936,2.5796434149174035,2297.9920270064945,5465.871724155124
3304557,Rio de Janeiro,Higienópolis,13021,5069,0,0.0,1.1574758863204868,0.0,11249.478415824804
3304557,Rio de Janeiro,Honório Gurgel,18656,7193,0,0.0,1.3748506998786343,0.0,13569.473399291188
3304557,Rio de Janeiro,Humaitá,13044,4759,27009,2.0706071757129716,1.0544780944244452,25613.618853544835,12370.10049708019
3304557,Rio de Janeiro,Imperial de São Cristóvão,28175,11323,62009,2.200851818988465,4.1056548522354115,15103.315361796153,6862.486257133748
3304557,Rio de Janeiro,Inhaúma,38439,15233,18998,0.49423762324722287,3.4852836583075946,5450.919311751275,11028.944490178295
3304557,Rio de Janeiro,Inhoaíba,73979,30396,15216,0.20567999026750836,8.2879051994436,1835.928335790027,8926.139744572189
3304557,Rio de Janeiro,Ipanema,38282,13545,52197,1.363486756177838,3.08491533759066,16920.07536283515,12409.416729698165
3304557,Rio de Janeiro,Irajá,86388,33196,35952,0.4161689123489373,7.481981715598563,4805.144060302454,11546.138881881632
3304557,Rio de Janeiro,Itanhangá,68500,30909,7424,0.10837956204379562,13.19776111540942,562.5196527714006,5190.274274628359
3304557,Rio de Janeiro,Jacarepaguá,174657,74948,23477,0.13441774449349295,68.21056967987263,344.18419476897463,2560.556242525229
3304557,Rio de Janeiro,Jacarezinho,35458,14705,16142,0.4552428224942185,0.9438766239442772,17101.811391986503,37566.35041116698
3304557,Rio de Janeiro,Jacaré,8088,3219,0,0.0,0.8425678841548896,0.0,9599.226545541083
3304557,Rio de Janeiro,Jardim América,20244,7930,16950,0.8372851215174867,1.9739737630706797,8586.740268337138,10255.455456767966
3304557,Rio de Janeiro,Jardim Botânico,15871,5840,11136,0.7016571104530276,2.6892108554362175,4140.991762504851,5901.7313454305395
3304557,Rio de Janeiro,Jardim Carioca,20374,8138,18716,0.9186217728477472,1.621130575146123,11545.029306669518,12567.772338858984
3304557,Rio de Janeiro,Jardim Guanabara,27084,10251,5341,0.19720129966031605,3.205890691344464,1665.9956667955291,8448.198209977552
3304557,Rio de Janeiro,Jardim Sulacap,13651,5470,3303,0.24196029594901472,7.869225308679433,419.7363616412058,1734.732386546806
3304557,Rio de Janeiro,Joá,983,403,331,0.3367243133265514,1.6896957888947284,195.8932502379705,581.7615256311933
3304557,Rio de Janeiro,Lagoa,17786,6134,5664,0.3184527156190262,5.109906834981453,1108.435081678071,3480.689682684705
3304557,Rio de Janeiro,Laranjeiras,39982,14902,0,0.0,2.493514034292462,0.0,16034.399425927011
3304557,Rio de Janeiro,Leblon,37709,12901,17335,0.4597045798085338,2.153101652745024,8051.175836449397,17513.80384289993
3304557,Rio de Janeiro,Leme,12244,4571,5685,0.4643090493302842,0.9772016425635611,5817.632464356224,12529.655566152613
3304557,Rio de Janeiro,Lins de Vasconcelos,30910,12247,2783,0.0900355871886121,2.6692047082326518,1042.6326581158683,11580.228337176242
3304557,Rio de Janeiro,Madureira,39888,15412,34468,0.8641195346971521,3.7876234263731785,9100.165491637767,10531.141961542511
3304557,Rio de Janeiro,Magalhães Bastos,20636,8138,10153,0.4920042643923241,1.9759546013518177,5138.275946752009,10443.559779097259
3304557,Rio de Janeiro,Mangueira,18247,7471,0,0.0,0.7981310505179745,0.0,22862.160278262552
3304557,Rio de Janeiro,Manguinhos,28855,11934,0,0.0,2.618358251610299,0.0,11020.264313431548
3304557,Rio de Janeiro,Maracanã,23309,8850,0,0.0,1.6673066672416241,0.0,13980.031663018646
3304557,Rio de Janeiro,Marechal Hermes,41507,15954,8759,0.21102464644517793,3.886236031759654,2253.8517805965585,10680.51442598714
3304557,Rio de Janeiro,Maria da Graça,7209,2838,0,0.0,0.8249919345815359,0.0,8738.26724579635
3304557,Rio de Janeiro,Maré,124832,53049,57603,0.4614441809792361,4.268772775298343,13494.042206538892,29243.065061310397
3304557,Rio de Janeiro,Moneró,5723,2125,1566,0.27363271011707146,0.5205588780114124,3008.305239135059,10993.953310070205
3304557,Rio de Janeiro,Méier,39700,13958,36291,0.9141309823677581,2.4709397689129764,14687.124492704754,16066.76152104871
3304557,Rio de Janeiro,Olaria,51445,19747,18765,0.36475847993002236,3.689843104922397,5085.582087478664,13942.3272310333
3304557,Rio de Janeiro,Osvaldo Cruz,28086,10608,0,0.0,2.0711323748560204,0.0,13560.69768449854
3304557,Rio de Janeiro,Outside bairro polygons,107685,43961,20377,0.18922784046060268,1200.1251904818278,16.97906198587417,89.72813907586298
3304557,Rio de Janeiro,Paciência,103879,42353,20384,0.1962283040845599,27.41804417493751,743.4520080988402,3788.7093381720674
3304557,Rio de Janeiro,Padre Miguel,62488,24490,22166,0.3547241070285495,4.865804920093231,4555.464175817244,12842.273997043578
3304557,Rio de Janeiro,Paquetá,3486,1170,1264,0.36259323006310956,1.705689117795563,741.0494601933069,2043.7487486027437
3304557,Rio de Janeiro,Parada de Lucas,22069,9219,0,0.0,2.064782676630118,0.0,10688.291920396332
3304557,Rio de Janeiro,Parque Anchieta,21552,8459,6316,0.2930586488492947,3.905800481979763,1617.0820883299602,5517.946986650934
3304557,Rio de Janeiro,Parque Colúmbia,8222,3255,4608,0.5604475796643152,1.5171385418064531,3037.29677483064,5419.412778354496
3304557,Rio de Janeiro,Pavuna,95337,38254,15377,0.16129099929722981,8.311428030125501,1850.103248715469,11470.592015528819
3304557,Rio de Janeiro,Pechincha,37008,14655,14879,0.402048205793342,2.8309231734890066,5255.882653170765,13072.767338432936
3304557,Rio de Janeiro,Pedra de Guaratiba,11950,4711,2897,0.24242677824267783,3.6369218821668374,796.5527151421794,3285.7455802378477
3304557,Rio de Janeiro,Penha,58460,22975,33852,0.5790626069107082,5.811338820740189,5825.1637091241355,10059.644051618721
3304557,Rio de Janeiro,Penha Circular,36725,14278,33287,0.9063852961198094,4.623394363947785,7199.688665878196,7943.298172090508
3304557,Rio de Janeiro,Piedade,37330,14652,3739,0.1001607286364854,3.8871107471258535,961.8969572103478,9603.533942942573
3304557,Rio de Janeiro,Pilares,23518,9051,5342,0.22714516540522153,1.8364249576357414,2908.912764329571,12806.404041838796
3304557,Rio de Janeiro,Pitangueiras,10566,4154,3672,0.3475298126064736,0.6041313949107068,6078.1479508157945,17489.572780043487
3304557,Rio de Janeiro,Portuguesa,19831,7708,877,0.04422369018203822,1.186412649784906,739.20317703878,16715.094873268015
3304557,Rio de Janeiro,Praia da Bandeira,6735,2693,0,0.0,0.3794069293360567,0.0,17751.389021244067
3304557,Rio de Janeiro,Praça Seca,64103,25205,10108,0.1576837277506513,6.499994823193653,1555.078161590538,9862.007854416132
3304557,Rio de Janeiro,Praça da Bandeira,7215,2788,101484,14.065696465696465,0.7199116299830961,140967.3017817241,10022.063402655978
3304557,Rio de Janeiro,Quintino Bocaiúva,25271,9723,6591,0.2608127893633018,4.3238062699617625,1524.3513674025658,5844.618935765474
3304557,Rio de Janeiro,Ramos,34286,13228,26522,0.7735518870676078,2.793540529175661,9494.045181376448,12273.313969107643
3304557,Rio de Janeiro,Realengo,166325,65953,24216,0.14559446866075454,26.05426777795269,929.4446578342054,6383.790994147432
3304557,Rio de Janeiro,Recreio dos Bandeirantes,140437,59870,62310,0.4436864928758091,30.655705140755256,2032.5743516224625,4581.104866294395
3304557,Rio de Janeiro,Riachuelo,10514,3985,14380,1.3677002092448165,0.9281109844531027,15493.83666488285,11328.386557342023
3304557,Rio de Janeiro,Ribeira,3474,1328,3044,0.8762233736327001,0.8619271564540554,3531.6209463952064,4030.5030117532674
3304557,Rio de Janeiro,Ricardo de Albuquerque,27779,11030,2511,0.09039202275099896,2.116875498001481,1186.1821833029896,13122.642321773696
3304557,Rio de Janeiro,Rio Comprido,39548,16184,19078,0.48240113280064734,3.3425195601584985,5707.670413481543,11831.793139342071
3304557,Rio de Janeiro,Rocha,17134,6963,0,0.0,1.3116291144872454,0.0,13063.144002180972
3304557,Rio de Janeiro,Rocha Miranda,36009,13857,7251,0.20136632508539531,2.8867133126943068,2511.8531750672178,12474.047852847254
3304557,Rio de Janeiro,Rocinha,72154,32385,5815,0.08059151259805417,1.437198577130004,4046.065792531045,50204.61413487275
3304557,Rio de Janeiro,Sampaio,8832,3509,0,0.0,0.8844108379839227,0.0,9986.309100568205
3304557,Rio de Janeiro,Santa Cruz,248491,101426,67234,0.27056915542212795,125.04462903539827,537.6800308709545,1987.2184988421686
3304557,Rio de Janeiro,Santa Teresa,35512,14905,0,0.0,5.157142202804992,0.0,6885.984253194506
3304557,Rio de Janeiro,Santo Cristo,9936,4051,24205,2.4360909822866343,1.6847251769615756,14367.32847054262,5897.697817943048
3304557,Rio de Janeiro,Santíssimo,46878,19356,4540,0.09684713511668587,8.319636334404105,545.6969292306426,5634.621288210146
3304557,Rio de Janeiro,Saúde,1876,773,0,0.0,0.3638185839560386,0.0,5156.4160895823925
3304557,Rio de Janeiro,Senador Camará,107123,43466,15021,0.14022198780840717,16.908650151024293,888.3618660174394,6335.396323373022
3304557,Rio de Janeiro,Senador Vasconcelos,32417,13221,7369,0.22731899929049573,6.441786350448169,1143.9373489136788,5032.299774695986
3304557,Rio de Janeiro,Sepetiba,58738,23095,11421,0.19443971534611326,11.621330813637874,982.7618009632097,5054.326474474828
3304557,Rio de Janeiro,São Conrado,9739,3520,7099,0.7289249409590307,6.488582983061309,1094.0755506298074,1500.9440467085076
3304557,Rio de Janeiro,São Francisco Xavier,6340,2597,15400,2.4290220820189274,0.6489093497366641,23732.128387808745,9770.239868747236
3304557,Rio de Janeiro,Tanque,31965,12785,8372,0.2619114656655717,5.568004962175306,1503.5906140301338,5740.83540103598
3304557,Rio de Janeiro,Taquara,111765,44306,41399,0.370411130497025,13.206665317182093,3134.7050149093434,8462.77219235592
3304557,Rio de Janeiro,Tauá,26482,10689,5277,0.19926742693150065,1.6725502781010624,3155.0621043160904,15833.305788610707
3304557,Rio de Janeiro,Tijuca,144364,53516,90006,0.6234656839655316,10.065585296878528,8941.95392968475,14342.335367697813
3304557,Rio de Janeiro,Todos os Santos,22593,8693,13050,0.5776125348559288,1.0126386714062507,12887.123875960091,22311.018370081714
3304557,Rio de Janeiro,Tomás Coelho,18525,7468,0,0.0,1.7475311937311502,0.0,10600.669141960958
3304557,Rio de Janeiro,Turiaçú,11521,4479,6638,0.5761652634319937,1.2558130219677217,5285.818735657781,9174.136434696187
3304557,Rio de Janeiro,Urca,5390,2065,12020,2.230055658627087,2.319007983903827,5183.250805271264,2324.2697038612405
3304557,Rio de Janeiro,Vargem Grande,21350,8988,6258,0.29311475409836063,39.38048694676301,158.91118889565672,542.1466735254508
3304557,Rio de Janeiro,Vargem Pequena,31307,13412,10922,0.3488676653783499,14.438332930467922,756.4585227808593,2168.3251211042266
3304557,Rio de Janeiro,Vasco da Gama,14471,6062,19873,1.37329832077949,0.863076834302104,23025.759944153277,16766.757517830323
3304557,Rio de Janeiro,Vaz Lobo,10995,4317,0,0.0,1.101223899106817,0.0,9984.345607571582
3304557,Rio de Janeiro,Vicente de Carvalho,21300,8469,3119,0.1464319248826291,1.8357156393004577,1699.0648950338343,11603.104284777386
3304557,Rio de Janeiro,Vidigal,15112,6477,3314,0.21929592376919005,1.6213821217961966,2043.9352053103253,9320.443217456137
3304557,Rio de Janeiro,Vigário Geral,34645,13847,5521,0.1593592148939241,3.3853171812975273,1630.8663869079194,10233.900737986753
3304557,Rio de Janeiro,Vila Isabel,65551,24826,27090,0.4132660066207991,3.2171345179763837,8420.536924592117,20375.585675302245
3304557,Rio de Janeiro,Vila Kosmos,16390,6399,8536,0.5208053691275167,1.519258195141791,5618.531482861834,10788.1596771445
3304557,Rio de Janeiro,Vila Militar,13382,5451,1138,0.08503960544014348,10.756738322824223,105.79415114945492,1244.0574083321667
3304557,Rio de Janeiro,Vila Valqueire,34024,13140,10555,0.3102221960968728,4.232226089231911,2493.959390982249,8039.268054834679
3304557,Rio de Janeiro,Vila da Penha,21950,8206,0,0.0,1.5416752136348961,0.0,14237.758903995884
3304557,Rio de Janeiro,Vista Alegre,17916,6737,7835,0.4373185979013173,1.2543621417967923,6246.202543052576,14282.956574515629
3304557,Rio de Janeiro,Zumbi,1493,565,0,0.0,0.1611182357237082,0.0,9266.486771616928
3304557,Rio de Janeiro,Água Santa,6419,2541,52,0.008100950303785636,2.4262383416305173,21.4323544013628,2645.659286583612
3304904,São Gonçalo,Municipal total,896744,342705,240076,0.2677196613526268,248.22027593289155,967.1893204441791,3612.69439665937
3305109,São João de Meriti,Municipal total,440962,166795,110095,0.24967003959524858,35.21189287846116,3126.642477869864,12523.098417970397
3305554,Seropédica,Municipal total,80596,29554,29724,0.36880242195642465,265.09430689352007,112.12613483977678,304.0276531942757
