origin,destination,observed_2010_expanded,observed_2022_pair,seed_from_2022_containment_2010_shares,balanced_target,change_from_seed,status
3300456,3300456,52638.45445301621,,94319.29451320357,94319,-0.294513203567476,2022 local containment
3300456,3300803,0.0,,0.0009752547255506952,0,-0.0009752547255506952,"historical 2010 survey prior, adjusted to modeled margins"
3300456,3301702,11616.498136437427,,7924.717202380129,11442,3517.2827976198714,"historical 2010 survey prior, adjusted to modeled margins"
3300456,3301801,0.0,,5.019410049900113e-06,0,-5.019410049900113e-06,"historical 2010 survey prior, adjusted to modeled margins"
3300456,3301850,0.0,,0.0600169696109909,1,0.9399830303890091,"historical 2010 survey prior, adjusted to modeled margins"
3300456,3301900,20.9037744870769,,14.294157600759043,45,30.705842399240957,"historical 2010 survey prior, adjusted to modeled margins"
3300456,3302007,160.28831868432562,,110.17586400973747,358,247.82413599026253,"historical 2010 survey prior, adjusted to modeled margins"
3300456,3302270,42.5197702241056,,29.387389440729685,239,209.6126105592703,"historical 2010 survey prior, adjusted to modeled margins"
3300456,3302502,137.4729016340931,,91.84140922098477,179,87.15859077901523,"historical 2010 survey prior, adjusted to modeled margins"
3300456,3302601,20.2002471434713,,0.05574947531361811,2,1.944250524686382,"historical 2010 survey prior, adjusted to modeled margins"
3300456,3302700,0.0,,0.21952566851646027,3,2.7804743314835396,"historical 2010 survey prior, adjusted to modeled margins"
3300456,3302809,0.0,,0.0,0,0.0,"historical 2010 survey prior, adjusted to modeled margins"
3300456,3302858,778.3596646488935,,531.7658666823631,1352,820.2341333176369,"historical 2010 survey prior, adjusted to modeled margins"
3300456,3302908,0.0,,5.255851531131244e-07,0,-5.255851531131244e-07,"historical 2010 survey prior, adjusted to modeled margins"
3300456,3303203,535.3915416066174,,365.94532020964976,306,-59.945320209649765,"historical 2010 survey prior, adjusted to modeled margins"
3300456,3303302,1029.6183426029995,,706.0707612270919,472,-234.0707612270919,"historical 2010 survey prior, adjusted to modeled margins"
3300456,3303500,10622.587390965213,,7252.555072506912,4208,-3044.5550725069124,"historical 2010 survey prior, adjusted to modeled margins"
3300456,3303609,0.0,,0.26229163909840686,2,1.737708360901593,"historical 2010 survey prior, adjusted to modeled margins"
3300456,3303906,86.28312405293559,,0.011581649818162232,1,0.9884183501818378,"historical 2010 survey prior, adjusted to modeled margins"
3300456,3304003,0.0,,0.04646026637437618,5,4.9535397336256235,"historical 2010 survey prior, adjusted to modeled margins"
3300456,3304144,384.7923221693905,,263.17881441905865,600,336.82118558094135,"historical 2010 survey prior, adjusted to modeled margins"
3300456,3304409,0.0,,2.617644802580437e-05,0,-2.617644802580437e-05,"historical 2010 survey prior, adjusted to modeled margins"
3300456,3304557,66861.70524745512,,45674.760860886636,45542,-132.76086088663578,"historical 2010 survey prior, adjusted to modeled margins"
3300456,3304904,37.0271824199017,,28.57666542934956,0,-28.57666542934956,"historical 2010 survey prior, adjusted to modeled margins"
3300456,3305109,5920.713033646747,,4042.328575620618,2247,-1795.3285756206178,"historical 2010 survey prior, adjusted to modeled margins"
3300456,3305554,17.2730410881408,,12.253985016622176,45,32.746014983377826,"historical 2010 survey prior, adjusted to modeled margins"
3300803,3300456,0.0,,0.0016238720920590708,0,-0.0016238720920590708,"historical 2010 survey prior, adjusted to modeled margins"
3300803,3300803,15772.890894331777,,22.89905636245763,23,0.10094363754236824,2022 local containment
3300803,3301702,21.2251769542484,,0.6405320120469161,0,-0.6405320120469161,"historical 2010 survey prior, adjusted to modeled margins"
3300803,3301801,0.0,,5.043192183131116e-09,0,-5.043192183131116e-09,"historical 2010 survey prior, adjusted to modeled margins"
3300803,3301850,21.3749145943963,,0.3521170776003005,4,3.6478829223996994,"historical 2010 survey prior, adjusted to modeled margins"
3300803,3301900,474.7060157956256,,13.338007449085204,30,16.661992550914796,"historical 2010 survey prior, adjusted to modeled margins"
3300803,3302007,0.0,,0.0007989869792908973,0,-0.0007989869792908973,"historical 2010 survey prior, adjusted to modeled margins"
3300803,3302270,0.0,,0.0003714371102492274,0,-0.0003714371102492274,"historical 2010 survey prior, adjusted to modeled margins"
3300803,3302502,40.9973291930488,,1.1931309341112633,1,-0.19313093411126325,"historical 2010 survey prior, adjusted to modeled margins"
3300803,3302601,0.0,,1.1215677749014638e-08,0,-1.1215677749014638e-08,"historical 2010 survey prior, adjusted to modeled margins"
3300803,3302700,16.8087290751862,,0.23282356547424166,1,0.7671764345257583,"historical 2010 survey prior, adjusted to modeled margins"
3300803,3302809,0.0,,0.0,0,0.0,"historical 2010 survey prior, adjusted to modeled margins"
3300803,3302858,0.0,,0.0005754395925832657,0,-0.0005754395925832657,"historical 2010 survey prior, adjusted to modeled margins"
3300803,3302908,0.0,,5.28075393203356e-10,0,-5.28075393203356e-10,"historical 2010 survey prior, adjusted to modeled margins"
3300803,3303203,0.0,,0.0005689536630818808,0,-0.0005689536630818808,"historical 2010 survey prior, adjusted to modeled margins"
3300803,3303302,534.6723015659275,,16.041519776946686,7,-9.041519776946686,"historical 2010 survey prior, adjusted to modeled margins"
3300803,3303500,19.2706219411561,,0.5812075743864588,0,-0.5812075743864588,"historical 2010 survey prior, adjusted to modeled margins"
3300803,3303609,0.0,,0.0002635343856850381,0,-0.0002635343856850381,"historical 2010 survey prior, adjusted to modeled margins"
3300803,3303906,9.12795430471,,5.3852695626281294e-05,0,-5.3852695626281294e-05,"historical 2010 survey prior, adjusted to modeled margins"
3300803,3304003,0.0,,4.6680396675323645e-05,0,-4.6680396675323645e-05,"historical 2010 survey prior, adjusted to modeled margins"
3300803,3304144,0.0,,0.0005792408513242548,1,0.9994207591486758,"historical 2010 survey prior, adjusted to modeled margins"
3300803,3304409,0.0,,2.6300472914840177e-08,0,-2.6300472914840177e-08,"historical 2010 survey prior, adjusted to modeled margins"
3300803,3304557,997.3182717057176,,29.96075134529563,22,-7.96075134529563,"historical 2010 survey prior, adjusted to modeled margins"
3300803,3304904,153.7302741270906,,4.614635816245627,0,-4.614635816245627,"historical 2010 survey prior, adjusted to modeled margins"
3300803,3305109,0.0,,0.0017340672253305662,0,-0.0017340672253305662,"historical 2010 survey prior, adjusted to modeled margins"
3300803,3305554,10.5659219519283,,0.317404902574516,1,0.682595097425484,"historical 2010 survey prior, adjusted to modeled margins"
3301702,3300456,1567.603244064693,,1060.726185718617,1257,196.273814281383,"historical 2010 survey prior, adjusted to modeled margins"
3301702,3300803,0.0,,0.0011071737718881172,0,-0.0011071737718881172,"historical 2010 survey prior, adjusted to modeled margins"
3301702,3301702,166928.60341459495,,231937.79581891058,231938,0.20418108941521496,2022 local containment
3301702,3301801,0.0,,5.698366808182312e-06,0,-5.698366808182312e-06,"historical 2010 survey prior, adjusted to modeled margins"
3301702,3301850,26.6710223019984,,9.960452881747361,151,141.03954711825264,"historical 2010 survey prior, adjusted to modeled margins"
3301702,3301900,19.5864024769215,,13.450362659759872,42,28.54963734024013,"historical 2010 survey prior, adjusted to modeled margins"
3301702,3302007,286.17587291318466,,194.19516563777938,624,429.8048343622206,"historical 2010 survey prior, adjusted to modeled margins"
3301702,3302270,41.6683489669339,,28.56600629284187,230,201.43399370715812,"historical 2010 survey prior, adjusted to modeled margins"
3301702,3302502,1178.5934279825328,,772.8368765440629,1492,719.1631234559371,"historical 2010 survey prior, adjusted to modeled margins"
3301702,3302601,39.340799325289495,,0.10745698364666502,3,2.892543016353335,"historical 2010 survey prior, adjusted to modeled margins"
3301702,3302700,63.7648624846148,,20.11986360061452,210,189.8801363993855,"historical 2010 survey prior, adjusted to modeled margins"
3301702,3302809,0.0,,0.0,0,0.0,"historical 2010 survey prior, adjusted to modeled margins"
3301702,3302858,76.3081585484079,,52.19515819460429,131,78.80484180539571,"historical 2010 survey prior, adjusted to modeled margins"
3301702,3302908,0.0,,5.966790841152432e-07,0,-5.966790841152432e-07,"historical 2010 survey prior, adjusted to modeled margins"
3301702,3303203,171.20714915222374,,116.29060620743506,96,-20.29060620743506,"historical 2010 survey prior, adjusted to modeled margins"
3301702,3303302,1739.3626007722198,,1178.7783870054714,781,-397.77838700547136,"historical 2010 survey prior, adjusted to modeled margins"
3301702,3303500,1536.2053004513575,,1041.257081261207,598,-443.2570812612071,"historical 2010 survey prior, adjusted to modeled margins"
3301702,3303609,0.0,,0.2977708446696517,3,2.702229155330348,"historical 2010 survey prior, adjusted to modeled margins"
3301702,3303906,445.66080666794295,,0.05920910961065023,7,6.94079089038935,"historical 2010 survey prior, adjusted to modeled margins"
3301702,3304003,19.1212967206197,,5.350372188529419,673,667.6496278114706,"historical 2010 survey prior, adjusted to modeled margins"
3301702,3304144,112.83517144513682,,76.87287637148677,173,96.12712362851323,"historical 2010 survey prior, adjusted to modeled margins"
3301702,3304409,0.0,,2.9717237903151874e-05,0,-2.9717237903151874e-05,"historical 2010 survey prior, adjusted to modeled margins"
3301702,3304557,97167.90762398766,,65686.31527242009,64889,-797.3152724200918,"historical 2010 survey prior, adjusted to modeled margins"
3301702,3304904,224.1909839902925,,155.19225328867734,0,-155.19225328867734,"historical 2010 survey prior, adjusted to modeled margins"
3301702,3305109,3241.793247851156,,2191.7397295239007,1207,-984.7397295239007,"historical 2010 survey prior, adjusted to modeled margins"
3301702,3305554,19.6755659960405,,13.81952752106298,51,37.18047247893702,"historical 2010 survey prior, adjusted to modeled margins"
3301801,3300456,0.0,,0.0002931868083318562,0,-0.0002931868083318562,"historical 2010 survey prior, adjusted to modeled margins"
3301801,3300803,0.0,,1.7691453425301488e-07,0,-1.7691453425301488e-07,"historical 2010 survey prior, adjusted to modeled margins"
3301801,3301702,6.2616265764918,,0.09021613643832574,0,-0.09021613643832574,"historical 2010 survey prior, adjusted to modeled margins"
3301801,3301801,3443.0440715119407,,0.215862699298323,0,-0.215862699298323,2022 local containment
3301801,3301850,0.0,,1.0887283032656137e-05,0,-1.0887283032656137e-05,"historical 2010 survey prior, adjusted to modeled margins"
3301801,3301900,0.0,,0.0001691193257171473,0,-0.0001691193257171473,"historical 2010 survey prior, adjusted to modeled margins"
3301801,3302007,61.6985673145759,,0.8819157214461829,0,-0.8819157214461829,"historical 2010 survey prior, adjusted to modeled margins"
3301801,3302270,0.0,,6.706221591128703e-05,0,-6.706221591128703e-05,"historical 2010 survey prior, adjusted to modeled margins"
3301801,3302502,0.0,,0.0001605622259648329,0,-0.0001605622259648329,"historical 2010 survey prior, adjusted to modeled margins"
3301801,3302601,0.0,,2.0249678398885885e-09,0,-2.0249678398885885e-09,"historical 2010 survey prior, adjusted to modeled margins"
3301801,3302700,0.0,,3.982270517093997e-05,0,-3.982270517093997e-05,"historical 2010 survey prior, adjusted to modeled margins"
3301801,3302809,250.73833609585483,,0.0,0,0.0,"historical 2010 survey prior, adjusted to modeled margins"
3301801,3302858,0.0,,0.00010389444979212948,0,-0.00010389444979212948,"historical 2010 survey prior, adjusted to modeled margins"
3301801,3302908,71.5438234006795,,0.000821590513130116,0,-0.000821590513130116,"historical 2010 survey prior, adjusted to modeled margins"
3301801,3303203,0.0,,0.00010272342839279915,0,-0.00010272342839279915,"historical 2010 survey prior, adjusted to modeled margins"
3301801,3303302,2.1125722180964,,0.0308121674835127,0,-0.0308121674835127,"historical 2010 survey prior, adjusted to modeled margins"
3301801,3303500,14.5370859133176,,0.2083454844047181,0,-0.2083454844047181,"historical 2010 survey prior, adjusted to modeled margins"
3301801,3303609,134.23753731509152,,1.8461904503507993,3,1.1538095496492007,"historical 2010 survey prior, adjusted to modeled margins"
3301801,3303906,0.0,,2.233663601426319e-11,0,-2.233663601426319e-11,"historical 2010 survey prior, adjusted to modeled margins"
3301801,3304003,18.6655828527888,,0.10943048380933486,2,1.890569516190665,"historical 2010 survey prior, adjusted to modeled margins"
3301801,3304144,0.0,,0.00010458075933791455,0,-0.00010458075933791455,"historical 2010 survey prior, adjusted to modeled margins"
3301801,3304409,0.0,,4.748496971669076e-09,0,-4.748496971669076e-09,"historical 2010 survey prior, adjusted to modeled margins"
3301801,3304557,291.85157589249485,,4.179485693231229,1,-3.1794856932312294,"historical 2010 survey prior, adjusted to modeled margins"
3301801,3304904,0.0,,0.0005999716958846217,0,-0.0005999716958846217,"historical 2010 survey prior, adjusted to modeled margins"
3301801,3305109,14.9260028959928,,0.21364606887242357,1,0.7863539311275765,"historical 2010 survey prior, adjusted to modeled margins"
3301801,3305554,5.1033477036813,,0.07302518087190228,1,0.9269748191280978,"historical 2010 survey prior, adjusted to modeled margins"
3301850,3300456,0.0,,0.02672037284921921,0,-0.02672037284921921,"historical 2010 survey prior, adjusted to modeled margins"
3301850,3300803,141.6798939163049,,1.3161121487863385,64,62.68388785121366,"historical 2010 survey prior, adjusted to modeled margins"
3301850,3301702,381.1742624354014,,74.76100478894287,81,6.23899521105713,"historical 2010 survey prior, adjusted to modeled margins"
3301850,3301801,0.0,,8.298435335055272e-08,0,-8.298435335055272e-08,"historical 2010 survey prior, adjusted to modeled margins"
3301850,3301850,12026.404388500872,,2173.1059335460905,2173,-0.10593354609045491,2022 local containment
3301850,3301900,145.75666663636213,,26.79051567720655,62,35.20948432279345,"historical 2010 survey prior, adjusted to modeled margins"
3301850,3302007,0.0,,0.013147113059411792,0,-0.013147113059411792,"historical 2010 survey prior, adjusted to modeled margins"
3301850,3302270,0.0,,0.006111896450730346,0,-0.006111896450730346,"historical 2010 survey prior, adjusted to modeled margins"
3301850,3302502,1452.4032471961066,,276.1759999052267,400,123.82400009477328,"historical 2010 survey prior, adjusted to modeled margins"
3301850,3302601,0.0,,1.8455092163715883e-07,0,-1.8455092163715883e-07,"historical 2010 survey prior, adjusted to modeled margins"
3301850,3302700,0.0,,0.003629349956385566,0,-0.003629349956385566,"historical 2010 survey prior, adjusted to modeled margins"
3301850,3302809,0.0,,0.0,0,0.0,"historical 2010 survey prior, adjusted to modeled margins"
3301850,3302858,0.0,,0.009468701716851928,0,-0.009468701716851928,"historical 2010 survey prior, adjusted to modeled margins"
3301850,3302908,0.0,,8.689336720480094e-09,0,-8.689336720480094e-09,"historical 2010 survey prior, adjusted to modeled margins"
3301850,3303203,0.0,,0.009361977514004768,0,-0.009361977514004768,"historical 2010 survey prior, adjusted to modeled margins"
3301850,3303302,410.7618918711249,,80.6168346930883,40,-40.61683469308829,"historical 2010 survey prior, adjusted to modeled margins"
3301850,3303500,10.4378593840025,,2.099176993877436,0,-2.099176993877436,"historical 2010 survey prior, adjusted to modeled margins"
3301850,3303609,0.0,,0.004336386516234312,0,-0.004336386516234312,"historical 2010 survey prior, adjusted to modeled margins"
3301850,3303906,31.8678990680511,,0.001229289407779955,0,-0.001229289407779955,"historical 2010 survey prior, adjusted to modeled margins"
3301850,3304003,0.0,,0.0007681132091706197,0,-0.0007681132091706197,"historical 2010 survey prior, adjusted to modeled margins"
3301850,3304144,0.0,,0.009531250393778069,0,-0.009531250393778069,"historical 2010 survey prior, adjusted to modeled margins"
3301850,3304409,0.0,,4.327671162229425e-07,0,-4.327671162229425e-07,"historical 2010 survey prior, adjusted to modeled margins"
3301850,3304557,2990.3477966670257,,587.2224556862726,437,-150.2224556862726,"historical 2010 survey prior, adjusted to modeled margins"
3301850,3304904,168.40448747046142,,33.08295051009184,0,-33.08295051009184,"historical 2010 survey prior, adjusted to modeled margins"
3301850,3305109,39.967362379211494,,7.867118396392415,3,-4.867118396392415,"historical 2010 survey prior, adjusted to modeled margins"
3301850,3305554,7.5250976069281,,1.4835607236217974,5,3.5164392763782026,"historical 2010 survey prior, adjusted to modeled margins"
3301900,3300456,0.0,,0.6782735219642636,1,0.3217264780357364,"historical 2010 survey prior, adjusted to modeled margins"
3301900,3300803,189.7991037513833,,7.324348971292407,695,687.6756510287076,"historical 2010 survey prior, adjusted to modeled margins"
3301900,3301702,348.35316274304716,,285.4021470125851,596,310.5978529874149,"historical 2010 survey prior, adjusted to modeled margins"
3301900,3301801,0.0,,2.106485936129108e-06,0,-2.106485936129108e-06,"historical 2010 survey prior, adjusted to modeled margins"
3301900,3301850,12.3083717801051,,5.5313261730081225,122,116.46867382699187,"historical 2010 survey prior, adjusted to modeled margins"
3301900,3301900,44269.71707116355,,51255.819032202045,51256,0.18096779795450857,2022 local containment
3301900,3302007,19.3733231401325,,16.116163173204395,76,59.8838368267956,"historical 2010 survey prior, adjusted to modeled margins"
3301900,3302270,8.8205627525265,,7.341352047446128,87,79.65864795255388,"historical 2010 survey prior, adjusted to modeled margins"
3301900,3302502,238.4808895771263,,188.73659719902162,532,343.2634028009784,"historical 2010 survey prior, adjusted to modeled margins"
3301900,3302601,0.0,,4.6846653041461705e-06,1,0.9999953153346959,"historical 2010 survey prior, adjusted to modeled margins"
3301900,3302700,346.072387762687,,130.1646694234054,1990,1859.8353305765945,"historical 2010 survey prior, adjusted to modeled margins"
3301900,3302809,0.0,,0.0,0,0.0,"historical 2010 survey prior, adjusted to modeled margins"
3301900,3302858,0.0,,0.24035479213404368,0,-0.24035479213404368,"historical 2010 survey prior, adjusted to modeled margins"
3301900,3302908,0.0,,2.205712867178669e-07,0,-2.205712867178669e-07,"historical 2010 survey prior, adjusted to modeled margins"
3301900,3303203,0.0,,0.23764569067979177,0,-0.23764569067979177,"historical 2010 survey prior, adjusted to modeled margins"
3301900,3303302,13333.618381271186,,10864.470788792409,10506,-358.4707887924087,"historical 2010 survey prior, adjusted to modeled margins"
3301900,3303500,59.4015683393211,,49.71647754468005,41,-8.716477544680053,"historical 2010 survey prior, adjusted to modeled margins"
3301900,3303609,0.0,,0.1100754159218454,1,0.8899245840781546,"historical 2010 survey prior, adjusted to modeled margins"
3301900,3303906,31.372457834111497,,0.005027177773347865,0,-0.005027177773347865,"historical 2010 survey prior, adjusted to modeled margins"
3301900,3304003,0.0,,0.019497888543372366,3,2.9805021114566275,"historical 2010 survey prior, adjusted to modeled margins"
3301900,3304144,0.0,,0.2419425361237065,0,-0.2419425361237065,"historical 2010 survey prior, adjusted to modeled margins"
3301900,3304409,0.0,,1.0985418420889674e-05,0,-1.0985418420889674e-05,"historical 2010 survey prior, adjusted to modeled margins"
3301900,3304557,11427.220650530297,,9328.702611131872,13437,4108.297388868128,"historical 2010 survey prior, adjusted to modeled margins"
3301900,3304904,8839.273066131509,,7202.838347853582,0,-7202.838347853582,"historical 2010 survey prior, adjusted to modeled margins"
3301900,3305109,11.7986411219693,,10.336779978782017,8,-2.336779978782017,"historical 2010 survey prior, adjusted to modeled margins"
3301900,3305554,0.0,,0.19554973137056456,2,1.8044502686294355,"historical 2010 survey prior, adjusted to modeled margins"
3302007,3300456,13.9866401101164,,12.875268951236412,11,-1.8752689512364125,"historical 2010 survey prior, adjusted to modeled margins"
3302007,3300803,0.0,,0.00011536868719877145,0,-0.00011536868719877145,"historical 2010 survey prior, adjusted to modeled margins"
3302007,3301702,168.09270365646,,152.82021813513524,155,2.179781864864765,"historical 2010 survey prior, adjusted to modeled margins"
3302007,3301801,0.0,,5.937758954639328e-07,0,-5.937758954639328e-07,"historical 2010 survey prior, adjusted to modeled margins"
3302007,3301850,0.0,,0.007099764617657992,0,-0.007099764617657992,"historical 2010 survey prior, adjusted to modeled margins"
3302007,3301900,0.0,,0.11028531188977887,1,0.8897146881102211,"historical 2010 survey prior, adjusted to modeled margins"
3302007,3302007,26501.627236490887,,35795.12579626049,35795,-0.12579626048682258,2022 local containment
3302007,3302270,0.0,,0.04373230183146414,1,0.9562676981685359,"historical 2010 survey prior, adjusted to modeled margins"
3302007,3302502,11.5758541484232,,10.282227488100434,14,3.7177725118995664,"historical 2010 survey prior, adjusted to modeled margins"
3302007,3302601,1279.367853599786,,4.6910064973834755,83,78.30899350261653,"historical 2010 survey prior, adjusted to modeled margins"
3302007,3302700,0.0,,0.025968998170068543,1,0.9740310018299314,"historical 2010 survey prior, adjusted to modeled margins"
3302007,3302809,14.4033873522844,,0.0,0,0.0,"historical 2010 survey prior, adjusted to modeled margins"
3302007,3302858,0.0,,0.06775116770572732,0,-0.06775116770572732,"historical 2010 survey prior, adjusted to modeled margins"
3302007,3302908,0.0,,6.217459658202345e-08,0,-6.217459658202345e-08,"historical 2010 survey prior, adjusted to modeled margins"
3302007,3303203,18.9620087608438,,17.263082049809913,10,-7.263082049809913,"historical 2010 survey prior, adjusted to modeled margins"
3302007,3303302,131.1882539925062,,119.37368538221683,55,-64.37368538221683,"historical 2010 survey prior, adjusted to modeled margins"
3302007,3303500,85.9494341017734,,78.31751482067307,31,-47.31751482067307,"historical 2010 survey prior, adjusted to modeled margins"
3302007,3303609,61.91935192863959,,54.062739289391025,384,329.937260710609,"historical 2010 survey prior, adjusted to modeled margins"
3302007,3303906,0.0,,1.4566063688791744e-08,0,-1.4566063688791744e-08,"historical 2010 survey prior, adjusted to modeled margins"
3302007,3304003,31.7458054608438,,11.813613221908591,1047,1035.1863867780914,"historical 2010 survey prior, adjusted to modeled margins"
3302007,3304144,0.0,,0.06819872071002697,0,-0.06819872071002697,"historical 2010 survey prior, adjusted to modeled margins"
3302007,3304409,9.8927450810598,,0.11996823008266831,12,11.880031769917332,"historical 2010 survey prior, adjusted to modeled margins"
3302007,3304557,6645.882594136612,,6032.263746378586,4199,-1833.263746378586,"historical 2010 survey prior, adjusted to modeled margins"
3302007,3304904,11.8935322203152,,11.177149393096933,0,-11.177149393096933,"historical 2010 survey prior, adjusted to modeled margins"
3302007,3305109,11.3514320872091,,10.49844956654012,4,-6.4984495665401205,"historical 2010 survey prior, adjusted to modeled margins"
3302007,3305554,359.0884830692827,,325.70202818528816,834,508.29797181471184,"historical 2010 survey prior, adjusted to modeled margins"
3302270,3300456,155.5470974314208,,110.42941804892615,112,1.570581951073848,"historical 2010 survey prior, adjusted to modeled margins"
3302270,3300803,0.0,,0.00019174754332529963,0,-0.00019174754332529963,"historical 2010 survey prior, adjusted to modeled margins"
3302270,3301702,199.1304289959325,,141.7040589491819,173,31.2959410508181,"historical 2010 survey prior, adjusted to modeled margins"
3302270,3301801,55.0539937192743,,0.15706388067811006,13,12.84293611932189,"historical 2010 survey prior, adjusted to modeled margins"
3302270,3301850,0.0,,0.01180010327480178,1,0.9881998967251983,"historical 2010 survey prior, adjusted to modeled margins"
3302270,3301900,0.0,,0.18329876271622123,1,0.8167012372837787,"historical 2010 survey prior, adjusted to modeled margins"
3302270,3302007,62.0129611137235,,44.0518802203773,121,76.9481197796227,"historical 2010 survey prior, adjusted to modeled margins"
3302270,3302270,10404.447660312167,,14018.424575705401,14018,-0.4245757054013666,2022 local containment
3302270,3302502,12.624287554798,,8.838090683036494,15,6.161909316963506,"historical 2010 survey prior, adjusted to modeled margins"
3302270,3302601,38.6755654447062,,0.11069847485933068,3,2.8893015251406693,"historical 2010 survey prior, adjusted to modeled margins"
3302270,3302700,0.0,,0.043161552086924244,1,0.9568384479130757,"historical 2010 survey prior, adjusted to modeled margins"
3302270,3302809,0.0,,0.0,0,0.0,"historical 2010 survey prior, adjusted to modeled margins"
3302270,3302858,208.7070757569819,,147.85615548379428,316,168.14384451620572,"historical 2010 survey prior, adjusted to modeled margins"
3302270,3302908,99.54789603655912,,0.05662040399438199,10,9.943379596005618,"historical 2010 survey prior, adjusted to modeled margins"
3302270,3303203,261.7529469597416,,185.40601054548995,130,-55.40601054548995,"historical 2010 survey prior, adjusted to modeled margins"
3302270,3303302,158.1762067901841,,112.64238284446057,63,-49.64238284446057,"historical 2010 survey prior, adjusted to modeled margins"
3302270,3303500,1790.9826015028343,,1268.454027542276,619,-649.454027542276,"historical 2010 survey prior, adjusted to modeled margins"
3302270,3303609,250.7657782763957,,170.86281780760373,1463,1292.1371821923963,"historical 2010 survey prior, adjusted to modeled margins"
3302270,3303906,0.0,,2.420940201420105e-08,0,-2.420940201420105e-08,"historical 2010 survey prior, adjusted to modeled margins"
3302270,3304003,0.0,,0.009134682156495306,0,-0.009134682156495306,"historical 2010 survey prior, adjusted to modeled margins"
3302270,3304144,722.139212159875,,511.31504449274985,981,469.68495550725015,"historical 2010 survey prior, adjusted to modeled margins"
3302270,3304409,0.0,,5.1466242310142694e-06,0,-5.1466242310142694e-06,"historical 2010 survey prior, adjusted to modeled margins"
3302270,3304557,14566.546960995294,,10320.464243043005,8655,-1665.464243043005,"historical 2010 survey prior, adjusted to modeled margins"
3302270,3304904,8.8046911879858,,6.883107931450276,0,-6.883107931450276,"historical 2010 survey prior, adjusted to modeled margins"
3302270,3305109,113.4173373475464,,80.62736257823222,37,-43.62736257823222,"historical 2010 survey prior, adjusted to modeled margins"
3302270,3305554,268.8862978094986,,190.4359813754723,587,396.5640186245277,"historical 2010 survey prior, adjusted to modeled margins"
3302502,3300456,125.04121417756733,,99.26768752025369,92,-7.267687520253688,"historical 2010 survey prior, adjusted to modeled margins"
3302502,3300803,20.8288103144903,,0.7790709554633055,39,38.220929044536696,"historical 2010 survey prior, adjusted to modeled margins"
3302502,3301702,6575.044689797395,,5186.771642112381,5813,626.2283578876186,"historical 2010 survey prior, adjusted to modeled margins"
3302502,3301801,0.0,,1.7550973937690713e-06,0,-1.7550973937690713e-06,"historical 2010 survey prior, adjusted to modeled margins"
3302502,3301850,691.6513732381824,,299.8030285991172,3538,3238.196971400883,"historical 2010 survey prior, adjusted to modeled margins"
3302502,3301900,281.26176351292264,,208.27480704486996,501,292.72519295513007,"historical 2010 survey prior, adjusted to modeled margins"
3302502,3302007,105.12492170279629,,83.2530814407307,210,126.7469185592693,"historical 2010 survey prior, adjusted to modeled margins"
3302502,3302270,9.3794408051533,,7.533022341836459,48,40.46697765816354,"historical 2010 survey prior, adjusted to modeled margins"
3302502,3302502,43621.18028195493,,54155.20980872399,54155,-0.20980872398649808,2022 local containment
3302502,3302601,45.7495359464748,,0.14601535502194873,3,2.853984644978051,"historical 2010 survey prior, adjusted to modeled margins"
3302502,3302700,45.4644502024656,,16.633027089494085,137,120.36697291050592,"historical 2010 survey prior, adjusted to modeled margins"
3302502,3302809,0.0,,0.0,0,0.0,"historical 2010 survey prior, adjusted to modeled margins"
3302502,3302858,0.0,,0.2002605676207617,1,0.7997394323792383,"historical 2010 survey prior, adjusted to modeled margins"
3302502,3302908,0.0,,1.8377720155597163e-07,1,0.9999998162227984,"historical 2010 survey prior, adjusted to modeled margins"
3302502,3303203,10.7773447450625,,8.705210449592826,6,-2.705210449592826,"historical 2010 survey prior, adjusted to modeled margins"
3302502,3303302,1532.2654422963096,,1210.7001829401997,629,-581.7001829401997,"historical 2010 survey prior, adjusted to modeled margins"
3302502,3303500,187.2227079057719,,148.88711595018734,67,-81.88711595018734,"historical 2010 survey prior, adjusted to modeled margins"
3302502,3303609,0.0,,0.09171344194088955,0,-0.09171344194088955,"historical 2010 survey prior, adjusted to modeled margins"
3302502,3303906,869.403624155772,,0.1349785095750353,12,11.865021490424965,"historical 2010 survey prior, adjusted to modeled margins"
3302502,3304003,0.0,,0.016245393705004663,1,0.9837546062949953,"historical 2010 survey prior, adjusted to modeled margins"
3302502,3304144,51.9003878748129,,41.16968433403301,72,30.830315665966992,"historical 2010 survey prior, adjusted to modeled margins"
3302502,3304409,0.0,,9.152911448056541e-06,0,-9.152911448056541e-06,"historical 2010 survey prior, adjusted to modeled margins"
3302502,3304557,18750.79315444132,,14816.813605598043,11465,-3351.813605598043,"historical 2010 survey prior, adjusted to modeled margins"
3302502,3304904,608.1241184816703,,481.1854482345066,0,-481.1854482345066,"historical 2010 survey prior, adjusted to modeled margins"
3302502,3305109,95.9128492094756,,76.31326470052836,32,-44.313264700528364,"historical 2010 survey prior, adjusted to modeled margins"
3302502,3305554,13.2747956595126,,10.641524998606728,30,19.358475001393273,"historical 2010 survey prior, adjusted to modeled margins"
3302601,3300456,0.0,,0.0015443663414683284,0,-0.0015443663414683284,"historical 2010 survey prior, adjusted to modeled margins"
3302601,3300803,0.0,,9.319002228355545e-07,0,-9.319002228355545e-07,"historical 2010 survey prior, adjusted to modeled margins"
3302601,3301702,0.0,,0.004236661854513111,1,0.9957633381454869,"historical 2010 survey prior, adjusted to modeled margins"
3302601,3301801,0.0,,4.796274472152547e-09,0,-4.796274472152547e-09,"historical 2010 survey prior, adjusted to modeled margins"
3302601,3301850,0.0,,5.7348942680401106e-05,0,-5.7348942680401106e-05,"historical 2010 survey prior, adjusted to modeled margins"
3302601,3301900,0.0,,0.0008908388334912767,0,-0.0008908388334912767,"historical 2010 survey prior, adjusted to modeled margins"
3302601,3302007,934.4694747949892,,24.56517699096768,43,18.43482300903232,"historical 2010 survey prior, adjusted to modeled margins"
3302601,3302270,0.0,,0.00035325132678017633,0,-0.00035325132678017633,"historical 2010 survey prior, adjusted to modeled margins"
3302601,3302502,0.0,,0.0008457641696165535,0,-0.0008457641696165535,"historical 2010 survey prior, adjusted to modeled margins"
3302601,3302601,10467.28707601031,,1.8184398866798197,2,0.1815601133201803,2022 local containment
3302601,3302700,0.0,,0.00020976675533983792,0,-0.00020976675533983792,"historical 2010 survey prior, adjusted to modeled margins"
3302601,3302809,0.0,,0.0,0,0.0,"historical 2010 survey prior, adjusted to modeled margins"
3302601,3302858,0.0,,0.0005472657253484691,0,-0.0005472657253484691,"historical 2010 survey prior, adjusted to modeled margins"
3302601,3302908,0.0,,5.0222050554906e-10,0,-5.0222050554906e-10,"historical 2010 survey prior, adjusted to modeled margins"
3302601,3303203,0.0,,0.000541097350841599,0,-0.000541097350841599,"historical 2010 survey prior, adjusted to modeled margins"
3302601,3303302,20.0001319486147,,0.5290386748173036,0,-0.5290386748173036,"historical 2010 survey prior, adjusted to modeled margins"
3302601,3303500,27.2621655623455,,0.7197050740233465,0,-0.7197050740233465,"historical 2010 survey prior, adjusted to modeled margins"
3302601,3303609,7.9252101207211,,0.20072668271108518,1,0.7992733172889148,"historical 2010 survey prior, adjusted to modeled margins"
3302601,3303906,0.0,,1.1765859807379742e-10,0,-1.1765859807379742e-10,"historical 2010 survey prior, adjusted to modeled margins"
3302601,3304003,0.0,,4.4394896484948934e-05,0,-4.4394896484948934e-05,"historical 2010 survey prior, adjusted to modeled margins"
3302601,3304144,18.5680870505739,,0.48868822944992213,0,-0.48868822944992213,"historical 2010 survey prior, adjusted to modeled margins"
3302601,3304409,0.0,,2.5012786002668162e-08,0,-2.5012786002668162e-08,"historical 2010 survey prior, adjusted to modeled margins"
3302601,3304557,1447.7268496407223,,38.10222174459647,20,-18.10222174459647,"historical 2010 survey prior, adjusted to modeled margins"
3302601,3304904,0.0,,0.003160360789183585,0,-0.003160360789183585,"historical 2010 survey prior, adjusted to modeled margins"
3302601,3305109,9.2181638285178,,0.24398592597353164,0,-0.24398592597353164,"historical 2010 survey prior, adjusted to modeled margins"
3302601,3305554,31.0970808798234,,0.8179579288359973,1,0.18204207116400273,"historical 2010 survey prior, adjusted to modeled margins"
3302700,3300456,0.0,,0.40809255997723465,0,-0.40809255997723465,"historical 2010 survey prior, adjusted to modeled margins"
3302700,3300803,0.0,,0.00024625086507566583,0,-0.00024625086507566583,"historical 2010 survey prior, adjusted to modeled margins"
3302700,3301702,87.32057020172181,,95.409091997419,174,78.590908002581,"historical 2010 survey prior, adjusted to modeled margins"
3302700,3301801,0.0,,1.267396132081744e-06,0,-1.267396132081744e-06,"historical 2010 survey prior, adjusted to modeled margins"
3302700,3301850,0.0,,0.015154226171609775,0,-0.015154226171609775,"historical 2010 survey prior, adjusted to modeled margins"
3302700,3301900,155.222500686575,,157.37258074590142,617,459.6274192540986,"historical 2010 survey prior, adjusted to modeled margins"
3302700,3302007,9.8693688468798,,10.866988738889676,45,34.133011261110326,"historical 2010 survey prior, adjusted to modeled margins"
3302700,3302270,11.8922402295517,,12.946727115548716,133,120.05327288445129,"historical 2010 survey prior, adjusted to modeled margins"
3302700,3302502,22.8389388175098,,24.155170361227903,60,35.8448296387721,"historical 2010 survey prior, adjusted to modeled margins"
3302700,3302601,9.8901544541351,,0.043222524625958866,2,1.9567774753740412,"historical 2010 survey prior, adjusted to modeled margins"
3302700,3302700,28131.34459129994,,20507.979508515087,20508,0.020491484912781743,2022 local containment
3302700,3302809,0.0,,0.0,0,0.0,"historical 2010 survey prior, adjusted to modeled margins"
3302700,3302858,0.0,,0.14461275466086365,1,0.8553872453391363,"historical 2010 survey prior, adjusted to modeled margins"
3302700,3302908,0.0,,1.327097375016056e-07,1,0.9999998672902625,"historical 2010 survey prior, adjusted to modeled margins"
3302700,3303203,0.0,,0.1429827866436809,1,0.8570172133563191,"historical 2010 survey prior, adjusted to modeled margins"
3302700,3303302,5344.875071039294,,5777.712643090956,4897,-880.7126430909557,"historical 2010 survey prior, adjusted to modeled margins"
3302700,3303500,39.4837021556223,,43.46983975437724,32,-11.46983975437724,"historical 2010 survey prior, adjusted to modeled margins"
3302700,3303609,0.0,,0.06622838253218957,1,0.9337716174678105,"historical 2010 survey prior, adjusted to modeled margins"
3302700,3303906,0.0,,3.109080870385779e-08,0,-3.109080870385779e-08,"historical 2010 survey prior, adjusted to modeled margins"
3302700,3304003,0.0,,0.011731171853461876,1,0.9882688281465382,"historical 2010 survey prior, adjusted to modeled margins"
3302700,3304144,0.0,,0.14556804259168774,0,-0.14556804259168774,"historical 2010 survey prior, adjusted to modeled margins"
3302700,3304409,0.0,,6.609527544019533e-06,0,-6.609527544019533e-06,"historical 2010 survey prior, adjusted to modeled margins"
3302700,3304557,8208.431297735904,,8883.169693473996,11213,2329.8303065260043,"historical 2010 survey prior, adjusted to modeled margins"
3302700,3304904,1992.1375773853233,,2153.97905747529,0,-2153.97905747529,"historical 2010 survey prior, adjusted to modeled margins"
3302700,3305109,51.91879904959539,,56.550709035676974,39,-17.550709035676974,"historical 2010 survey prior, adjusted to modeled margins"
3302700,3305554,0.0,,0.11765517581575123,0,-0.11765517581575123,"historical 2010 survey prior, adjusted to modeled margins"
3302809,3300456,0.0,,6.688381536115316e-06,0,-6.688381536115316e-06,"historical 2010 survey prior, adjusted to modeled margins"
3302809,3300803,0.0,,4.0358974917758495e-09,0,-4.0358974917758495e-09,"historical 2010 survey prior, adjusted to modeled margins"
3302809,3301702,5.4733602086735,,0.0012462449923204065,0,-0.0012462449923204065,"historical 2010 survey prior, adjusted to modeled margins"
3302809,3301801,275.59879350491593,,0.0002494050336182568,0,-0.0002494050336182568,"historical 2010 survey prior, adjusted to modeled margins"
3302809,3301850,0.0,,2.4836827832873136e-07,0,-2.4836827832873136e-07,"historical 2010 survey prior, adjusted to modeled margins"
3302809,3301900,0.0,,3.8580677690195265e-06,0,-3.8580677690195265e-06,"historical 2010 survey prior, adjusted to modeled margins"
3302809,3302007,12.7840468927557,,0.002873736205656356,0,-0.002873736205656356,"historical 2010 survey prior, adjusted to modeled margins"
3302809,3302270,12.3367796886175,,0.0027717626702701845,0,-0.0027717626702701845,"historical 2010 survey prior, adjusted to modeled margins"
3302809,3302502,0.0,,3.6628572535406213e-06,0,-3.6628572535406213e-06,"historical 2010 survey prior, adjusted to modeled margins"
3302809,3302601,0.0,,4.61949757855683e-11,0,-4.61949757855683e-11,"historical 2010 survey prior, adjusted to modeled margins"
3302809,3302700,0.0,,9.084632678357056e-07,0,-9.084632678357056e-07,"historical 2010 survey prior, adjusted to modeled margins"
3302809,3302809,4668.5345142767455,,0.0,0,0.0,2022 local containment
3302809,3302858,0.0,,2.370112501473811e-06,0,-2.370112501473811e-06,"historical 2010 survey prior, adjusted to modeled margins"
3302809,3302908,9.730080425401,,1.7554972522752298e-06,0,-1.7554972522752298e-06,"historical 2010 survey prior, adjusted to modeled margins"
3302809,3303203,0.0,,2.3433983462557095e-06,0,-2.3433983462557095e-06,"historical 2010 survey prior, adjusted to modeled margins"
3302809,3303302,5.1999322184701,,0.0011817420338749952,0,-0.0011817420338749952,"historical 2010 survey prior, adjusted to modeled margins"
3302809,3303500,17.336002076773998,,0.0039058418293594463,0,-0.0039058418293594463,"historical 2010 survey prior, adjusted to modeled margins"
3302809,3303609,150.35998038632056,,0.03248912892763704,0,-0.03248912892763704,"historical 2010 survey prior, adjusted to modeled margins"
3302809,3303906,0.0,,5.095588875459431e-13,0,-5.095588875459431e-13,"historical 2010 survey prior, adjusted to modeled margins"
3302809,3304003,248.03784530488176,,0.02284466981587755,0,-0.02284466981587755,"historical 2010 survey prior, adjusted to modeled margins"
3302809,3304144,5.6558995330327,,0.0012724220992341745,0,-0.0012724220992341745,"historical 2010 survey prior, adjusted to modeled margins"
3302809,3304409,5.7103514755005,,1.7146393432977967e-05,0,-1.7146393432977967e-05,"historical 2010 survey prior, adjusted to modeled margins"
3302809,3304557,498.93748846887047,,0.11222239212426563,0,-0.11222239212426563,"historical 2010 survey prior, adjusted to modeled margins"
3302809,3304904,5.3058073035244,,0.0012051098387791104,0,-0.0012051098387791104,"historical 2010 survey prior, adjusted to modeled margins"
3302809,3305109,0.0,,7.142251701349997e-06,0,-7.142251701349997e-06,"historical 2010 survey prior, adjusted to modeled margins"
3302809,3305554,13.2594024397127,,0.0029793367009331834,0,-0.0029793367009331834,"historical 2010 survey prior, adjusted to modeled margins"
3302858,3300456,1105.4421713343947,,772.810279417317,954,181.18972058268298,"historical 2010 survey prior, adjusted to modeled margins"
3302858,3300803,0.0,,0.0004198398833864946,0,-0.0004198398833864946,"historical 2010 survey prior, adjusted to modeled margins"
3302858,3301702,1108.8635108836015,,775.6880588558035,1156,380.31194114419645,"historical 2010 survey prior, adjusted to modeled margins"
3302858,3301801,8.9790328568665,,0.025277014800471533,2,1.9747229851995285,"historical 2010 survey prior, adjusted to modeled margins"
3302858,3301850,21.940291865822303,,8.44039333190704,132,123.55960666809295,"historical 2010 survey prior, adjusted to modeled margins"
3302858,3301900,0.0,,0.4013408976672571,1,0.5986591023327429,"historical 2010 survey prior, adjusted to modeled margins"
3302858,3302007,67.4027390801182,,47.417267957033765,159,111.58273204296623,"historical 2010 survey prior, adjusted to modeled margins"
3302858,3302270,121.2505567212258,,84.84861932758554,711,626.1513806724145,"historical 2010 survey prior, adjusted to modeled margins"
3302858,3302502,0.0,,0.3810338506668094,1,0.6189661493331906,"historical 2010 survey prior, adjusted to modeled margins"
3302858,3302601,24.9349192257492,,0.07042198881720603,2,1.929578011182794,"historical 2010 survey prior, adjusted to modeled margins"
3302858,3302700,7.0186108856385,,2.3560849639003085,26,23.643915036099692,"historical 2010 survey prior, adjusted to modeled margins"
3302858,3302809,11.319219958162,,0.0,0,0.0,"historical 2010 survey prior, adjusted to modeled margins"
3302858,3302858,17262.58982496288,,27394.330518779865,27394,-0.3305187798650877,2022 local containment
3302858,3302908,3.7359371859127,,0.002096818528639589,1,0.9979031814713604,"historical 2010 survey prior, adjusted to modeled margins"
3302858,3303203,3521.240315338871,,2459.7127690502098,2128,-331.7127690502098,"historical 2010 survey prior, adjusted to modeled margins"
3302858,3303302,351.4935090648543,,246.97259587183134,171,-75.97259587183134,"historical 2010 survey prior, adjusted to modeled margins"
3302858,3303500,6338.819678944908,,4428.8097332144425,2654,-1774.8097332144425,"historical 2010 survey prior, adjusted to modeled margins"
3302858,3303609,45.758973644252904,,30.866715644244398,325,294.1332843557556,"historical 2010 survey prior, adjusted to modeled margins"
3302858,3303906,20.1437975467555,,0.00276734412568496,1,0.9972326558743151,"historical 2010 survey prior, adjusted to modeled margins"
3302858,3304003,0.0,,0.02000079805376921,3,2.9799992019462307,"historical 2010 survey prior, adjusted to modeled margins"
3302858,3304144,243.995054735453,,170.67059609624766,402,231.32940390375234,"historical 2010 survey prior, adjusted to modeled margins"
3302858,3304409,9.3006938824123,,0.08687806001316917,13,12.91312193998683,"historical 2010 survey prior, adjusted to modeled margins"
3302858,3304557,27392.745875212484,,19152.22916776929,19717,564.7708322307117,"historical 2010 survey prior, adjusted to modeled margins"
3302858,3304904,20.754712185381894,,15.92028108994339,0,-15.92028108994339,"historical 2010 survey prior, adjusted to modeled margins"
3302858,3305109,1507.2530820488528,,1053.5090222657616,604,-449.5090222657616,"historical 2010 survey prior, adjusted to modeled margins"
3302858,3305554,45.3275188488388,,31.860354654124514,120,88.1396453458755,"historical 2010 survey prior, adjusted to modeled margins"
3302908,3300456,0.0,,0.000268945620198281,0,-0.000268945620198281,"historical 2010 survey prior, adjusted to modeled margins"
3302908,3300803,0.0,,1.6228693714933854e-07,0,-1.6228693714933854e-07,"historical 2010 survey prior, adjusted to modeled margins"
3302908,3301702,9.0834893341424,,0.09694232358676456,0,-0.09694232358676456,"historical 2010 survey prior, adjusted to modeled margins"
3302908,3301801,12.222761449885,,0.0005221951886600121,0,-0.0005221951886600121,"historical 2010 survey prior, adjusted to modeled margins"
3302908,3301850,0.0,,9.987103799628135e-06,0,-9.987103799628135e-06,"historical 2010 survey prior, adjusted to modeled margins"
3302908,3301900,8.0026400020623,,0.07961599431804457,0,-0.07961599431804457,"historical 2010 survey prior, adjusted to modeled margins"
3302908,3302007,0.0,,0.0001323281862694422,1,0.9998676718137306,"historical 2010 survey prior, adjusted to modeled margins"
3302908,3302270,21.835122180825,,0.2315370296400381,2,1.768462970359962,"historical 2010 survey prior, adjusted to modeled margins"
3302908,3302502,0.0,,0.00014728666575492891,0,-0.00014728666575492891,"historical 2010 survey prior, adjusted to modeled margins"
3302908,3302601,0.0,,1.8575400260300032e-09,0,-1.8575400260300032e-09,"historical 2010 survey prior, adjusted to modeled margins"
3302908,3302700,0.0,,3.653009561074454e-05,0,-3.653009561074454e-05,"historical 2010 survey prior, adjusted to modeled margins"
3302908,3302809,0.0,,0.0,0,0.0,"historical 2010 survey prior, adjusted to modeled margins"
3302908,3302858,0.0,,9.530427850244923e-05,0,-9.530427850244923e-05,"historical 2010 survey prior, adjusted to modeled margins"
3302908,3302908,6699.379377655578,,0.0787707116620324,0,-0.0787707116620324,2022 local containment
3302908,3303203,11.5820343639757,,0.12287610943009919,0,-0.12287610943009919,"historical 2010 survey prior, adjusted to modeled margins"
3302908,3303302,39.4380065410208,,0.41865151508945175,0,-0.41865151508945175,"historical 2010 survey prior, adjusted to modeled margins"
3302908,3303500,86.6768285540434,,0.9193904941807673,0,-0.9193904941807673,"historical 2010 survey prior, adjusted to modeled margins"
3302908,3303609,0.0,,4.364655267384035e-05,0,-4.364655267384035e-05,"historical 2010 survey prior, adjusted to modeled margins"
3302908,3303906,22.799222480128694,,4.753762343530235e-05,0,-4.753762343530235e-05,"historical 2010 survey prior, adjusted to modeled margins"
3302908,3304003,13.8379008377514,,0.060176131334868085,4,3.939823868665132,"historical 2010 survey prior, adjusted to modeled margins"
3302908,3304144,0.0,,9.593384279795548e-05,0,-9.593384279795548e-05,"historical 2010 survey prior, adjusted to modeled margins"
3302908,3304409,0.0,,4.35588309829299e-09,0,-4.35588309829299e-09,"historical 2010 survey prior, adjusted to modeled margins"
3302908,3304557,809.6984059151436,,8.59112792131953,4,-4.591127921319529,"historical 2010 survey prior, adjusted to modeled margins"
3302908,3304904,0.0,,0.0005503650071065337,0,-0.0005503650071065337,"historical 2010 survey prior, adjusted to modeled margins"
3302908,3305109,21.125858433404,,0.22424375849854558,0,-0.22424375849854558,"historical 2010 survey prior, adjusted to modeled margins"
3302908,3305554,21.7603005794121,,0.23075986211109872,0,-0.23075986211109872,"historical 2010 survey prior, adjusted to modeled margins"
3303203,3300456,459.00276202735574,,326.2531583895451,369,42.74684161045491,"historical 2010 survey prior, adjusted to modeled margins"
3303203,3300803,0.0,,0.0003414488064450895,0,-0.0003414488064450895,"historical 2010 survey prior, adjusted to modeled margins"
3303203,3301702,975.620667070969,,693.1601102323021,948,254.83988976769785,"historical 2010 survey prior, adjusted to modeled margins"
3303203,3301801,0.0,,1.7573578734818354e-06,0,-1.7573578734818354e-06,"historical 2010 survey prior, adjusted to modeled margins"
3303203,3301850,0.0,,0.021012687355657225,0,-0.021012687355657225,"historical 2010 survey prior, adjusted to modeled margins"
3303203,3301900,11.2133661004867,,7.778733771625002,22,14.221266228374997,"historical 2010 survey prior, adjusted to modeled margins"
3303203,3302007,67.7891265551529,,48.37475679341224,149,100.62524320658775,"historical 2010 survey prior, adjusted to modeled margins"
3303203,3302270,113.40284937451892,,80.59489067602584,620,539.4051093239741,"historical 2010 survey prior, adjusted to modeled margins"
3303203,3302502,0.0,,0.30988850434104265,1,0.6901114956589574,"historical 2010 survey prior, adjusted to modeled margins"
3303203,3302601,31.5556983886231,,0.09053303282952058,2,1.9094669671704794,"historical 2010 survey prior, adjusted to modeled margins"
3303203,3302700,8.4562721745125,,2.8449456725096414,29,26.155054327490358,"historical 2010 survey prior, adjusted to modeled margins"
3303203,3302809,0.0,,0.0,0,0.0,"historical 2010 survey prior, adjusted to modeled margins"
3303203,3302858,799.0259557061398,,567.1526786366319,1367,799.8473213633681,"historical 2010 survey prior, adjusted to modeled margins"
3303203,3302908,17.757335151217,,0.010123715703461388,2,1.9898762842965385,"historical 2010 survey prior, adjusted to modeled margins"
3303203,3303203,21139.630140934372,,29603.75339366516,29604,0.24660633484018035,2022 local containment
3303203,3303302,490.1918140338078,,349.0099730931592,222,-127.0099730931592,"historical 2010 survey prior, adjusted to modeled margins"
3303203,3303500,2635.2731360938224,,1870.9712938817943,1030,-840.9712938817943,"historical 2010 survey prior, adjusted to modeled margins"
3303203,3303609,17.986962671396,,12.372448925721672,120,107.62755107427833,"historical 2010 survey prior, adjusted to modeled margins"
3303203,3303906,7.7325610804373,,0.0010791804032830676,1,0.998920819596717,"historical 2010 survey prior, adjusted to modeled margins"
3303203,3304003,12.1604336304731,,3.555289528864276,429,425.44471047113575,"historical 2010 survey prior, adjusted to modeled margins"
3303203,3304144,121.8104113027464,,86.63292248008896,187,100.36707751991104,"historical 2010 survey prior, adjusted to modeled margins"
3303203,3304409,0.0,,9.164699950913713e-06,0,-9.164699950913713e-06,"historical 2010 survey prior, adjusted to modeled margins"
3303203,3304557,26388.106512365142,,18739.493590588405,17713,-1026.493590588405,"historical 2010 survey prior, adjusted to modeled margins"
3303203,3304904,48.6574673986609,,35.68306464829538,0,-35.68306464829538,"historical 2010 survey prior, adjusted to modeled margins"
3303203,3305109,1362.8803726070144,,967.641641157498,509,-458.64164115749804,"historical 2010 survey prior, adjusted to modeled margins"
3303203,3305554,40.8748993964449,,29.1660927410312,101,71.8339072589688,"historical 2010 survey prior, adjusted to modeled margins"
3303302,3300456,58.352105925441805,,55.52001369621067,69,13.479986303789332,"historical 2010 survey prior, adjusted to modeled margins"
3303302,3300803,56.88855317839369,,2.4959349631094874,172,169.50406503689052,"historical 2010 survey prior, adjusted to modeled margins"
3303302,3301702,1090.2715560644117,,1012.7113230602313,1540,527.2886769397687,"historical 2010 survey prior, adjusted to modeled margins"
3303302,3301801,0.0,,4.617182006455927e-06,0,-4.617182006455927e-06,"historical 2010 survey prior, adjusted to modeled margins"
3303302,3301850,47.35930539881551,,24.135044164029523,386,361.8649558359705,"historical 2010 survey prior, adjusted to modeled margins"
3303302,3301900,845.6569221803414,,734.3064045698009,2395,1660.6935954301991,"historical 2010 survey prior, adjusted to modeled margins"
3303302,3302007,63.25650484795139,,59.301697905925174,202,142.69830209407482,"historical 2010 survey prior, adjusted to modeled margins"
3303302,3302270,22.2476625249404,,20.941115752454525,178,157.05888424754548,"historical 2010 survey prior, adjusted to modeled margins"
3303302,3302502,150.2976456421832,,135.7417805975991,279,143.2582194024009,"historical 2010 survey prior, adjusted to modeled margins"
3303302,3302601,0.0,,1.0268263356326707e-05,0,-1.0268263356326707e-05,"historical 2010 survey prior, adjusted to modeled margins"
3303302,3302700,471.7407466322502,,201.72451480917812,2249,2047.2754851908219,"historical 2010 survey prior, adjusted to modeled margins"
3303302,3302809,0.0,,0.0,0,0.0,"historical 2010 survey prior, adjusted to modeled margins"
3303302,3302858,12.1293436914068,,11.758450093599617,32,20.241549906400383,"historical 2010 survey prior, adjusted to modeled margins"
3303302,3302908,0.0,,4.834676361742141e-07,0,-4.834676361742141e-07,"historical 2010 survey prior, adjusted to modeled margins"
3303302,3303203,48.68448307606699,,45.60210989919147,41,-4.602109899191468,"historical 2010 survey prior, adjusted to modeled margins"
3303302,3303302,127141.42137064584,,151192.74981722474,151193,0.25018277525668964,2022 local containment
3303302,3303500,195.8871249882501,,184.28533299736768,113,-71.28533299736768,"historical 2010 survey prior, adjusted to modeled margins"
3303302,3303609,0.0,,0.2412730230145465,3,2.7587269769854537,"historical 2010 survey prior, adjusted to modeled margins"
3303302,3303906,149.610729005888,,0.02724817554754987,4,3.97275182445245,"historical 2010 survey prior, adjusted to modeled margins"
3303302,3304003,8.3393176069738,,3.210002226711357,430,426.78999777328863,"historical 2010 survey prior, adjusted to modeled margins"
3303302,3304144,10.8877194164625,,10.61220183816192,26,15.38779816183808,"historical 2010 survey prior, adjusted to modeled margins"
3303302,3304409,0.0,,2.4078810779780366e-05,1,0.9999759211892202,"historical 2010 survey prior, adjusted to modeled margins"
3303302,3304557,52716.26441738338,,48855.8551386601,51313,2457.144861339897,"historical 2010 survey prior, adjusted to modeled margins"
3303302,3304904,8788.20302682337,,8140.807475165652,0,-8140.807475165652,"historical 2010 survey prior, adjusted to modeled margins"
3303302,3305109,74.4070607449478,,70.48758598750045,41,-29.487585987500452,"historical 2010 survey prior, adjusted to modeled margins"
3303302,3305554,36.0056134526835,,33.76936695413306,130,96.23063304586694,"historical 2010 survey prior, adjusted to modeled margins"
3303500,3300456,4208.737728425732,,2989.0315102509503,3150,160.9684897490497,"historical 2010 survey prior, adjusted to modeled margins"
3303500,3300803,0.0,,0.0012772711327919128,0,-0.0012772711327919128,"historical 2010 survey prior, adjusted to modeled margins"
3303500,3301702,4288.2509642176055,,3046.303424320806,3875,828.6965756791942,"historical 2010 survey prior, adjusted to modeled margins"
3303500,3301801,65.2953394939199,,0.18675913316091028,16,15.81324086683909,"historical 2010 survey prior, adjusted to modeled margins"
3303500,3301850,0.0,,0.07860299545688627,1,0.9213970045431137,"historical 2010 survey prior, adjusted to modeled margins"
3303500,3301900,40.4612455674784,,28.116562479717288,76,47.88343752028271,"historical 2010 survey prior, adjusted to modeled margins"
3303500,3302007,747.9973380890921,,531.8495216954052,1519,987.1504783045948,"historical 2010 survey prior, adjusted to modeled margins"
3303500,3302270,475.69469359550766,,338.0817121611448,2415,2076.918287838855,"historical 2010 survey prior, adjusted to modeled margins"
3303500,3302502,40.382343757921,,28.94393266028429,50,21.05606733971571,"historical 2010 survey prior, adjusted to modeled margins"
3303500,3302601,135.2465518844212,,0.38809543027812027,8,7.6119045697218795,"historical 2010 survey prior, adjusted to modeled margins"
3303500,3302700,134.0942786955874,,44.19073850576119,413,368.8092614942388,"historical 2010 survey prior, adjusted to modeled margins"
3303500,3302809,0.0,,0.0,0,0.0,"historical 2010 survey prior, adjusted to modeled margins"
3303500,3302858,2204.2615589873717,,1565.1007005760841,3506,1940.8992994239159,"historical 2010 survey prior, adjusted to modeled margins"
3303500,3302908,20.9969512190728,,0.011973494114532905,2,1.9880265058854671,"historical 2010 survey prior, adjusted to modeled margins"
3303500,3303203,3075.4316093991783,,2183.3561708109555,1612,-571.3561708109555,"historical 2010 survey prior, adjusted to modeled margins"
3303500,3303302,1721.7399545993512,,1226.368329736822,724,-502.36832973682203,"historical 2010 survey prior, adjusted to modeled margins"
3303500,3303500,130970.4360231904,,186215.5631529335,186216,0.43684706650674343,2022 local containment
3303500,3303609,90.8582773233158,,62.38930640744567,560,497.6106935925543,"historical 2010 survey prior, adjusted to modeled margins"
3303500,3303906,118.27961558757698,,0.016510222693171716,2,1.9834897773068283,"historical 2010 survey prior, adjusted to modeled margins"
3303500,3304003,39.7516481813656,,11.631955659758336,1302,1290.3680443402416,"historical 2010 survey prior, adjusted to modeled margins"
3303500,3304144,2175.0352961840613,,1544.3639599958913,3106,1561.6360400041087,"historical 2010 survey prior, adjusted to modeled margins"
3303500,3304409,0.0,,3.4282757669806155e-05,1,0.9999657172423302,"historical 2010 survey prior, adjusted to modeled margins"
3303500,3304557,97842.48781802625,,69496.94439950759,61055,-8441.944399507585,"historical 2010 survey prior, adjusted to modeled margins"
3303500,3304904,152.55008930361262,,112.59546222111213,0,-112.59546222111213,"historical 2010 survey prior, adjusted to modeled margins"
3303500,3305109,2829.326976849628,,2010.2159851358351,984,-1026.2159851358351,"historical 2010 survey prior, adjusted to modeled margins"
3303500,3305554,531.99475585552,,378.16360597942327,1221,842.8363940205768,"historical 2010 survey prior, adjusted to modeled margins"
3303609,3300456,30.7059984105868,,31.71301411378395,21,-10.713014113783949,"historical 2010 survey prior, adjusted to modeled margins"
3303609,3300803,7.1778514196417,,0.35016526478499493,13,12.649834735215006,"historical 2010 survey prior, adjusted to modeled margins"
3303609,3301702,52.8375257029574,,54.61271690811806,44,-10.61271690811806,"historical 2010 survey prior, adjusted to modeled margins"
3303609,3301801,177.72107186897978,,0.7375910425288968,42,41.2624089574711,"historical 2010 survey prior, adjusted to modeled margins"
3303609,3301850,15.1289760501118,,8.5583050409952,73,64.44169495900479,"historical 2010 survey prior, adjusted to modeled margins"
3303609,3301900,0.0,,0.0526247913416595,0,-0.0526247913416595,"historical 2010 survey prior, adjusted to modeled margins"
3303609,3302007,93.147485525116,,95.96302614739743,176,80.03697385260257,"historical 2010 survey prior, adjusted to modeled margins"
3303609,3302270,148.8950817818744,,153.3566409738481,705,551.6433590261519,"historical 2010 survey prior, adjusted to modeled margins"
3303609,3302502,0.0,,0.04996208211522571,0,-0.04996208211522571,"historical 2010 survey prior, adjusted to modeled margins"
3303609,3302601,21.012041167578097,,0.08749021891103358,1,0.9125097810889664,"historical 2010 survey prior, adjusted to modeled margins"
3303609,3302700,0.0,,0.012391614863614953,0,-0.012391614863614953,"historical 2010 survey prior, adjusted to modeled margins"
3303609,3302809,34.7163938579286,,0.0,0,0.0,"historical 2010 survey prior, adjusted to modeled margins"
3303609,3302858,0.0,,0.032328793404791716,1,0.9676712065952083,"historical 2010 survey prior, adjusted to modeled margins"
3303609,3302908,0.0,,2.9667823537107656e-08,0,-2.9667823537107656e-08,"historical 2010 survey prior, adjusted to modeled margins"
3303609,3303203,56.8903883372212,,58.61906870822175,28,-30.619068708221747,"historical 2010 survey prior, adjusted to modeled margins"
3303609,3303302,69.24612599760461,,71.50358116422805,28,-43.50358116422805,"historical 2010 survey prior, adjusted to modeled margins"
3303609,3303500,448.73850448693474,,462.29954799700397,153,-309.29954799700397,"historical 2010 survey prior, adjusted to modeled margins"
3303609,3303609,9894.490563824147,,11733.770695150833,11734,0.2293048491665104,2022 local containment
3303609,3303906,21.4899706130584,,0.004352787492881954,1,0.9956472125071181,"historical 2010 survey prior, adjusted to modeled margins"
3303609,3304003,0.0,,0.0026225531222061256,1,0.9973774468777938,"historical 2010 survey prior, adjusted to modeled margins"
3303609,3304144,206.78342252321104,,212.98313553992287,276,63.01686446007713,"historical 2010 survey prior, adjusted to modeled margins"
3303609,3304409,13.6591427086262,,0.18809737370774432,17,16.811902626292255,"historical 2010 survey prior, adjusted to modeled margins"
3303609,3304557,1922.3459914519103,,1982.2104828402048,1122,-860.2104828402048,"historical 2010 survey prior, adjusted to modeled margins"
3303609,3304904,15.2908054300625,,15.933535933309217,0,-15.933535933309217,"historical 2010 survey prior, adjusted to modeled margins"
3303609,3305109,7.3208202371261,,7.636580266367745,3,-4.636580266367745,"historical 2010 survey prior, adjusted to modeled margins"
3303609,3305554,406.5024022296313,,418.65235381516777,871,452.34764618483223,"historical 2010 survey prior, adjusted to modeled margins"
3303906,3300456,30.3460025690381,,0.001618690375099657,0,-0.001618690375099657,"historical 2010 survey prior, adjusted to modeled margins"
3303906,3300803,0.0,,4.6489804163937366e-09,0,-4.6489804163937366e-09,"historical 2010 survey prior, adjusted to modeled margins"
3303906,3301702,1054.1312468490669,,0.055929696933508286,0,-0.055929696933508286,"historical 2010 survey prior, adjusted to modeled margins"
3303906,3301801,11.7395591293264,,2.5116527949043717e-06,0,-2.5116527949043717e-06,"historical 2010 survey prior, adjusted to modeled margins"
3303906,3301850,0.0,,2.860972718847811e-07,0,-2.860972718847811e-07,"historical 2010 survey prior, adjusted to modeled margins"
3303906,3301900,0.0,,4.444137032677591e-06,0,-4.444137032677591e-06,"historical 2010 survey prior, adjusted to modeled margins"
3303906,3302007,13.025960576516,,0.0006952498664345234,0,-0.0006952498664345234,"historical 2010 survey prior, adjusted to modeled margins"
3303906,3302270,0.0,,1.762268599173778e-06,0,-1.762268599173778e-06,"historical 2010 survey prior, adjusted to modeled margins"
3303906,3302502,126.5561017486998,,0.006517756487601405,0,-0.006517756487601405,"historical 2010 survey prior, adjusted to modeled margins"
3303906,3302601,6.202112504382,,1.3312887647761617e-06,0,-1.3312887647761617e-06,"historical 2010 survey prior, adjusted to modeled margins"
3303906,3302700,0.0,,1.0464656126146772e-06,0,-1.0464656126146772e-06,"historical 2010 survey prior, adjusted to modeled margins"
3303906,3302809,0.0,,0.0,0,0.0,"historical 2010 survey prior, adjusted to modeled margins"
3303906,3302858,0.0,,2.730150264335228e-06,0,-2.730150264335228e-06,"historical 2010 survey prior, adjusted to modeled margins"
3303906,3302908,9.1059859322147,,3.8840854393571733e-07,0,-3.8840854393571733e-07,"historical 2010 survey prior, adjusted to modeled margins"
3303906,3303203,11.1564314291861,,0.000594963698906776,0,-0.000594963698906776,"historical 2010 survey prior, adjusted to modeled margins"
3303906,3303302,115.525699086866,,0.006149176654536683,0,-0.006149176654536683,"historical 2010 survey prior, adjusted to modeled margins"
3303906,3303500,46.6033240047626,,0.0024890519330727358,0,-0.0024890519330727358,"historical 2010 survey prior, adjusted to modeled margins"
3303906,3303609,0.0,,1.2503284132909558e-06,0,-1.2503284132909558e-06,"historical 2010 survey prior, adjusted to modeled margins"
3303906,3303906,95542.4048488668,,0.0015215882887338133,0,-0.0015215882887338133,2022 local containment
3303906,3304003,0.0,,2.2147328575408555e-07,0,-2.2147328575408555e-07,"historical 2010 survey prior, adjusted to modeled margins"
3303906,3304144,0.0,,2.7481851852726783e-06,0,-2.7481851852726783e-06,"historical 2010 survey prior, adjusted to modeled margins"
3303906,3304409,0.0,,1.2478154789149724e-10,0,-1.2478154789149724e-10,"historical 2010 survey prior, adjusted to modeled margins"
3303906,3304557,4688.672290429221,,0.2491225568777301,0,-0.2491225568777301,"historical 2010 survey prior, adjusted to modeled margins"
3303906,3304904,29.3736625900779,,0.0015751332430799252,0,-0.0015751332430799252,"historical 2010 survey prior, adjusted to modeled margins"
3303906,3305109,12.381824155545,,0.0006655442700883611,0,-0.0006655442700883611,"historical 2010 survey prior, adjusted to modeled margins"
3303906,3305554,12.2296012726209,,0.0006514571790836379,0,-0.0006514571790836379,"historical 2010 survey prior, adjusted to modeled margins"
3304003,3300456,10.2716514099069,,4.03249635579322,2,-2.03249635579322,"historical 2010 survey prior, adjusted to modeled margins"
3304003,3300803,0.0,,1.8274162353714244e-06,0,-1.8274162353714244e-06,"historical 2010 survey prior, adjusted to modeled margins"
3304003,3301702,19.929279888436497,,7.819051794314623,6,-1.819051794314623,"historical 2010 survey prior, adjusted to modeled margins"
3304003,3301801,0.0,,9.405287846202965e-09,0,-9.405287846202965e-09,"historical 2010 survey prior, adjusted to modeled margins"
3304003,3301850,0.0,,0.00011245880875172144,0,-0.00011245880875172144,"historical 2010 survey prior, adjusted to modeled margins"
3304003,3301900,0.0,,0.0017468966178244701,0,-0.0017468966178244701,"historical 2010 survey prior, adjusted to modeled margins"
3304003,3302007,21.9033331499296,,8.593289076384874,14,5.406710923615126,"historical 2010 survey prior, adjusted to modeled margins"
3304003,3302270,0.0,,0.0006927106506749961,0,-0.0006927106506749961,"historical 2010 survey prior, adjusted to modeled margins"
3304003,3302502,0.0,,0.0016585071416228806,0,-0.0016585071416228806,"historical 2010 survey prior, adjusted to modeled margins"
3304003,3302601,0.0,,2.091664838246239e-08,0,-2.091664838246239e-08,"historical 2010 survey prior, adjusted to modeled margins"
3304003,3302700,0.0,,0.00041134358052068935,0,-0.00041134358052068935,"historical 2010 survey prior, adjusted to modeled margins"
3304003,3302809,10.9181283527937,,0.0,0,0.0,"historical 2010 survey prior, adjusted to modeled margins"
3304003,3302858,10.2992837933388,,4.041380996899539,5,0.9586190031004609,"historical 2010 survey prior, adjusted to modeled margins"
3304003,3302908,0.0,,9.84832799786494e-10,0,-9.84832799786494e-10,"historical 2010 survey prior, adjusted to modeled margins"
3304003,3303203,0.0,,0.0010610686204534725,1,0.9989389313795465,"historical 2010 survey prior, adjusted to modeled margins"
3304003,3303302,0.0,,0.006381400833092967,1,0.993618599166907,"historical 2010 survey prior, adjusted to modeled margins"
3304003,3303500,7.5595546329359,,2.9714388759408883,1,-1.9714388759408883,"historical 2010 survey prior, adjusted to modeled margins"
3304003,3303609,0.0,,0.0004914777515381497,1,0.9995085222484619,"historical 2010 survey prior, adjusted to modeled margins"
3304003,3303906,27.4579796592456,,0.002118575138117294,0,-0.002118575138117294,"historical 2010 survey prior, adjusted to modeled margins"
3304003,3304003,7156.317565342965,,1236.5263601205882,1237,0.4736398794118486,2022 local containment
3304003,3304144,0.0,,0.0010802536848004613,0,-0.0010802536848004613,"historical 2010 survey prior, adjusted to modeled margins"
3304003,3304409,16.4561942670264,,0.08632365598698087,7,6.91367634401302,"historical 2010 survey prior, adjusted to modeled margins"
3304003,3304557,153.9217883402137,,60.466051350590284,32,-28.466051350590284,"historical 2010 survey prior, adjusted to modeled margins"
3304003,3304904,0.0,,0.006197331510676605,0,-0.006197331510676605,"historical 2010 survey prior, adjusted to modeled margins"
3304003,3305109,0.0,,0.0032339440589738977,0,-0.0032339440589738977,"historical 2010 survey prior, adjusted to modeled margins"
3304003,3305554,48.7952874954614,,19.142784940298718,37,17.857215059701282,"historical 2010 survey prior, adjusted to modeled margins"
3304144,3300456,316.1066293094334,,257.79276307861926,274,16.20723692138074,"historical 2010 survey prior, adjusted to modeled margins"
3304144,3300803,0.0,,0.00032429179816994555,1,0.99967570820183,"historical 2010 survey prior, adjusted to modeled margins"
3304144,3301702,479.4361161166135,,391.2860425471172,500,108.71395745288282,"historical 2010 survey prior, adjusted to modeled margins"
3304144,3301801,11.3115038403941,,0.03710086941460029,3,2.9628991305853996,"historical 2010 survey prior, adjusted to modeled margins"
3304144,3301850,0.0,,0.019956848693933858,0,-0.019956848693933858,"historical 2010 survey prior, adjusted to modeled margins"
3304144,3301900,89.0115637191729,,68.15967703063721,187,118.84032296936279,"historical 2010 survey prior, adjusted to modeled margins"
3304144,3302007,63.664625628878206,,52.072262420143474,149,96.92773757985653,"historical 2010 survey prior, adjusted to modeled margins"
3304144,3302270,466.0157220377216,,379.37796897407407,2725,2345.622031025926,"historical 2010 survey prior, adjusted to modeled margins"
3304144,3302502,0.0,,0.29431732783377823,0,-0.29431732783377823,"historical 2010 survey prior, adjusted to modeled margins"
3304144,3302601,25.888055423966,,0.0851871608886014,1,0.9148128391113985,"historical 2010 survey prior, adjusted to modeled margins"
3304144,3302700,0.0,,0.07299669709107369,0,-0.07299669709107369,"historical 2010 survey prior, adjusted to modeled margins"
3304144,3302809,0.0,,0.0,0,0.0,"historical 2010 survey prior, adjusted to modeled margins"
3304144,3302858,337.9826853477753,,275.2490539414489,619,343.7509460585511,"historical 2010 survey prior, adjusted to modeled margins"
3304144,3302908,12.636091241107,,0.008262690025781613,1,0.9917373099742184,"historical 2010 survey prior, adjusted to modeled margins"
3304144,3303203,415.1232729191378,,338.0258123411542,250,-88.02581234115422,"historical 2010 survey prior, adjusted to modeled margins"
3304144,3303302,267.4130847430573,,218.7597748972311,130,-88.7597748972311,"historical 2010 survey prior, adjusted to modeled margins"
3304144,3303500,3612.7687378556175,,2941.2069241431345,1513,-1428.2069241431345,"historical 2010 survey prior, adjusted to modeled margins"
3304144,3303609,114.21515203088498,,89.5271275428902,808,718.4728724571098,"historical 2010 survey prior, adjusted to modeled margins"
3304144,3303906,19.7418603191534,,0.0031600380372091563,1,0.9968399619627908,"historical 2010 survey prior, adjusted to modeled margins"
3304144,3304003,0.0,,0.015448972387694337,2,1.9845510276123057,"historical 2010 survey prior, adjusted to modeled margins"
3304144,3304144,17468.628587330553,,29356.703914700334,29357,0.2960852996657195,2022 local containment
3304144,3304409,16.5289535260862,,0.17988291218516037,25,24.82011708781484,"historical 2010 survey prior, adjusted to modeled margins"
3304144,3304557,20964.783449029444,,17076.57048952742,15085,-1991.5704895274212,"historical 2010 survey prior, adjusted to modeled margins"
3304144,3304904,41.9747319882577,,35.259841303564,0,-35.259841303564,"historical 2010 survey prior, adjusted to modeled margins"
3304144,3305109,534.3118489476991,,435.4099997899071,215,-220.4099997899071,"historical 2010 survey prior, adjusted to modeled margins"
3304144,3305554,37.7991429542149,,30.916813006001103,101,70.0831869939989,"historical 2010 survey prior, adjusted to modeled margins"
3304409,3300456,0.0,,1.4794050241739786e-05,0,-1.4794050241739786e-05,"historical 2010 survey prior, adjusted to modeled margins"
3304409,3300803,0.0,,8.927013200643774e-09,0,-8.927013200643774e-09,"historical 2010 survey prior, adjusted to modeled margins"
3304409,3301702,7.6383502085013,,0.023459662101040772,0,-0.023459662101040772,"historical 2010 survey prior, adjusted to modeled margins"
3304409,3301801,0.0,,4.5945268042254805e-11,0,-4.5945268042254805e-11,"historical 2010 survey prior, adjusted to modeled margins"
3304409,3301850,0.0,,5.493665049173881e-07,0,-5.493665049173881e-07,"historical 2010 survey prior, adjusted to modeled margins"
3304409,3301900,0.0,,8.533671128465918e-06,0,-8.533671128465918e-06,"historical 2010 survey prior, adjusted to modeled margins"
3304409,3302007,21.1187344271434,,0.06481268220177316,0,-0.06481268220177316,"historical 2010 survey prior, adjusted to modeled margins"
3304409,3302270,0.0,,3.3839237077508808e-06,0,-3.3839237077508808e-06,"historical 2010 survey prior, adjusted to modeled margins"
3304409,3302502,0.0,,8.101884431173498e-06,0,-8.101884431173498e-06,"historical 2010 survey prior, adjusted to modeled margins"
3304409,3302601,15.0462491439061,,0.00018669399191371692,0,-0.00018669399191371692,"historical 2010 survey prior, adjusted to modeled margins"
3304409,3302700,0.0,,2.00943249941189e-06,0,-2.00943249941189e-06,"historical 2010 survey prior, adjusted to modeled margins"
3304409,3302809,0.0,,0.0,0,0.0,"historical 2010 survey prior, adjusted to modeled margins"
3304409,3302858,0.0,,5.242458618134458e-06,0,-5.242458618134458e-06,"historical 2010 survey prior, adjusted to modeled margins"
3304409,3302908,0.0,,4.810953976412545e-12,0,-4.810953976412545e-12,"historical 2010 survey prior, adjusted to modeled margins"
3304409,3303203,0.0,,5.183369501832075e-06,0,-5.183369501832075e-06,"historical 2010 survey prior, adjusted to modeled margins"
3304409,3303302,0.0,,3.1173439511464943e-05,0,-3.1173439511464943e-05,"historical 2010 survey prior, adjusted to modeled margins"
3304409,3303500,0.0,,2.8821153148072326e-05,0,-2.8821153148072326e-05,"historical 2010 survey prior, adjusted to modeled margins"
3304409,3303609,0.0,,2.40089164738762e-06,0,-2.40089164738762e-06,"historical 2010 survey prior, adjusted to modeled margins"
3304409,3303906,0.0,,1.1270947601859038e-12,0,-1.1270947601859038e-12,"historical 2010 survey prior, adjusted to modeled margins"
3304409,3304003,72.8310606860897,,0.09167360920584032,0,-0.09167360920584032,"historical 2010 survey prior, adjusted to modeled margins"
3304409,3304144,0.0,,5.277089432390732e-06,0,-5.277089432390732e-06,"historical 2010 survey prior, adjusted to modeled margins"
3304409,3304409,4532.495423415839,,0.2630532814717665,0,-0.2630532814717665,2022 local containment
3304409,3304557,82.48054114833748,,0.25353167578152014,0,-0.25353167578152014,"historical 2010 survey prior, adjusted to modeled margins"
3304409,3304904,0.0,,3.0274252320698608e-05,0,-3.0274252320698608e-05,"historical 2010 survey prior, adjusted to modeled margins"
3304409,3305109,0.0,,1.579796695783199e-05,0,-1.579796695783199e-05,"historical 2010 survey prior, adjusted to modeled margins"
3304409,3305554,5.7326815182771,,0.017597053353801153,0,-0.017597053353801153,"historical 2010 survey prior, adjusted to modeled margins"
3304557,3300456,1290.9744460998577,,1206.7888381939695,1018,-188.78883819396947,"historical 2010 survey prior, adjusted to modeled margins"
3304557,3300803,58.5158072206357,,2.5861655836963715,120,117.41383441630363,"historical 2010 survey prior, adjusted to modeled margins"
3304557,3301702,14795.843986675753,,13791.900918446803,14039,247.0990815531968,"historical 2010 survey prior, adjusted to modeled margins"
3304557,3301801,0.0,,9.326839103128472e-06,1,0.9999906731608968,"historical 2010 survey prior, adjusted to modeled margins"
3304557,3301850,17.7645226319507,,9.207054865049717,98,88.79294513495029,"historical 2010 survey prior, adjusted to modeled margins"
3304557,3301900,354.1173053716568,,311.010458022001,679,367.989541977999,"historical 2010 survey prior, adjusted to modeled margins"
3304557,3302007,3813.864950643448,,3557.4903191431413,8131,4573.509680856859,"historical 2010 survey prior, adjusted to modeled margins"
3304557,3302270,168.5844994858381,,157.8857092527681,902,744.114290747232,"historical 2010 survey prior, adjusted to modeled margins"
3304557,3302502,282.3085905729938,,256.8555353900094,352,95.14446460999062,"historical 2010 survey prior, adjusted to modeled margins"
3304557,3302601,841.0635337540886,,3.170941006260906,56,52.829058993739096,"historical 2010 survey prior, adjusted to modeled margins"
3304557,3302700,334.78030894623834,,144.42256586845215,1077,932.5774341315479,"historical 2010 survey prior, adjusted to modeled margins"
3304557,3302809,0.0,,0.0,0,0.0,"historical 2010 survey prior, adjusted to modeled margins"
3304557,3302858,619.6412393721233,,578.8566258377635,1037,458.14337416223646,"historical 2010 survey prior, adjusted to modeled margins"
3304557,3302908,201.14322951104216,,0.15069834462237294,24,23.849301655377626,"historical 2010 survey prior, adjusted to modeled margins"
3304557,3303203,1829.6561857062225,,1707.1385701986178,1007,-700.1385701986178,"historical 2010 survey prior, adjusted to modeled margins"
3304557,3303302,9022.299493907149,,8419.286930627939,3974,-4445.286930627939,"historical 2010 survey prior, adjusted to modeled margins"
3304557,3303500,5729.612946380035,,5348.501662022604,2189,-3159.5016620226043,"historical 2010 survey prior, adjusted to modeled margins"
3304557,3303609,155.0040799693154,,139.56315365317192,1002,862.4368463468281,"historical 2010 survey prior, adjusted to modeled margins"
3304557,3303906,618.700900710222,,0.11346997506067924,9,8.88653002493932,"historical 2010 survey prior, adjusted to modeled margins"
3304557,3304003,23.9723459909177,,9.254673930909611,829,819.7453260690904,"historical 2010 survey prior, adjusted to modeled margins"
3304557,3304144,665.2100089335511,,621.3548388584873,1000,378.64516114151274,"historical 2010 survey prior, adjusted to modeled margins"
3304557,3304409,29.0993210961424,,0.36288192419499204,39,38.637118075805006,"historical 2010 survey prior, adjusted to modeled margins"
3304557,3304557,2090415.5570287963,,2438476.180916093,2438476,-0.18091609282419086,2022 local containment
3304557,3304904,1536.6001313134602,,1438.9681193921945,0,-1438.9681193921945,"historical 2010 survey prior, adjusted to modeled margins"
3304557,3305109,3684.6883503023378,,3439.0418303570204,1348,-2091.0418303570204,"historical 2010 survey prior, adjusted to modeled margins"
3304557,3305554,1495.9804988529932,,1395.8120136425011,3609,2213.1879863574986,"historical 2010 survey prior, adjusted to modeled margins"
3304904,3300456,168.7175989608857,,107.3710554962182,144,36.628944503781796,"historical 2010 survey prior, adjusted to modeled margins"
3304904,3300803,62.905630440928896,,1.8526214172041446,136,134.14737858279585,"historical 2010 survey prior, adjusted to modeled margins"
3304904,3301702,909.50516252765,,571.5256027122612,919,347.47439728773884,"historical 2010 survey prior, adjusted to modeled margins"
3304904,3301801,0.0,,7.918670144468847e-06,0,-7.918670144468847e-06,"historical 2010 survey prior, adjusted to modeled margins"
3304904,3301850,43.008253294038,,14.766507141742919,250,235.23349285825708,"historical 2010 survey prior, adjusted to modeled margins"
3304904,3301900,3744.6172217599665,,2180.5204379728107,7525,5344.479562027189,"historical 2010 survey prior, adjusted to modeled margins"
3304904,3302007,100.2991443602546,,63.56384274632902,229,165.43615725367098,"historical 2010 survey prior, adjusted to modeled margins"
3304904,3302270,0.0,,0.5832194865221679,5,4.416780513477832,"historical 2010 survey prior, adjusted to modeled margins"
3304904,3302502,419.6489754336508,,254.16248012250455,551,296.8375198774954,"historical 2010 survey prior, adjusted to modeled margins"
3304904,3302601,22.1483624270657,,0.05565359454817151,1,0.9443464054518285,"historical 2010 survey prior, adjusted to modeled margins"
3304904,3302700,1071.1143596592465,,307.3476532788733,3625,3317.652346721127,"historical 2010 survey prior, adjusted to modeled margins"
3304904,3302809,0.0,,0.0,0,0.0,"historical 2010 survey prior, adjusted to modeled margins"
3304904,3302858,0.0,,0.9035381076644476,2,1.0964618923355522,"historical 2010 survey prior, adjusted to modeled margins"
3304904,3302908,0.0,,8.29168252634751e-07,0,-8.29168252634751e-07,"historical 2010 survey prior, adjusted to modeled margins"
3304904,3303203,42.071089347662095,,27.031387714488012,25,-2.0313877144880124,"historical 2010 survey prior, adjusted to modeled margins"
3304904,3303302,92360.85402625952,,57387.55954198027,42812,-14575.55954198027,"historical 2010 survey prior, adjusted to modeled margins"
3304904,3303500,68.4144277150056,,47.47201777530148,31,-16.47201777530148,"historical 2010 survey prior, adjusted to modeled margins"
3304904,3303609,0.0,,0.4137938425081817,5,4.5862061574918185,"historical 2010 survey prior, adjusted to modeled margins"
3304904,3303906,55.5583893987999,,0.006789206893122103,0,-0.006789206893122103,"historical 2010 survey prior, adjusted to modeled margins"
3304904,3304003,0.0,,0.07329616839137577,11,10.926703831608624,"historical 2010 survey prior, adjusted to modeled margins"
3304904,3304144,40.980270993175495,,26.3698339435036,68,41.6301660564964,"historical 2010 survey prior, adjusted to modeled margins"
3304904,3304409,0.0,,4.129621915912259e-05,0,-4.129621915912259e-05,"historical 2010 survey prior, adjusted to modeled margins"
3304904,3304557,66814.81094857673,,41581.637744899934,46206,4624.362255100066,"historical 2010 survey prior, adjusted to modeled margins"
3304904,3304904,191425.72311651887,,240075.5978931834,240076,0.40210681658936664,2022 local containment
3304904,3305109,62.25952133481509,,41.40353480568881,26,-15.403534805688807,"historical 2010 survey prior, adjusted to modeled margins"
3304904,3305554,21.4819507157478,,14.081468692926347,58,43.91853130707365,"historical 2010 survey prior, adjusted to modeled margins"
3305109,3300456,1657.6624294613473,,1118.4541515887222,1270,151.5458484112778,"historical 2010 survey prior, adjusted to modeled margins"
3305109,3300803,12.0287309702085,,0.3848066533487799,24,23.61519334665122,"historical 2010 survey prior, adjusted to modeled margins"
3305109,3301702,10463.400606685092,,7047.725008486175,9654,2606.2749915138247,"historical 2010 survey prior, adjusted to modeled margins"
3305109,3301801,0.0,,4.802139453113069e-06,1,0.9999951978605469,"historical 2010 survey prior, adjusted to modeled margins"
3305109,3301850,7.8277245177936,,2.9534283077282755,42,39.046571692271726,"historical 2010 survey prior, adjusted to modeled margins"
3305109,3301900,21.056400931313803,,14.180427867810176,41,26.819572132189826,"historical 2010 survey prior, adjusted to modeled margins"
3305109,3302007,195.3240357069361,,132.35702062932066,407,274.6429793706793,"historical 2010 survey prior, adjusted to modeled margins"
3305109,3302270,63.10708493427669,,42.87428353499394,329,286.12571646500606,"historical 2010 survey prior, adjusted to modeled margins"
3305109,3302502,116.54366990144209,,76.97638935318722,142,65.02361064681278,"historical 2010 survey prior, adjusted to modeled margins"
3305109,3302601,20.8583288129662,,0.05683389091355716,1,0.9431661090864428,"historical 2010 survey prior, adjusted to modeled margins"
3305109,3302700,19.9985068920864,,6.426353757616907,64,57.57364624238309,"historical 2010 survey prior, adjusted to modeled margins"
3305109,3302809,0.0,,0.0,0,0.0,"historical 2010 survey prior, adjusted to modeled margins"
3305109,3302858,439.5192347853419,,296.68935394989893,715,418.31064605010107,"historical 2010 survey prior, adjusted to modeled margins"
3305109,3302908,0.0,,5.028346308915794e-07,0,-5.028346308915794e-07,"historical 2010 survey prior, adjusted to modeled margins"
3305109,3303203,1608.0176971877524,,1083.9997853342918,861,-222.9997853342918,"historical 2010 survey prior, adjusted to modeled margins"
3305109,3303302,1209.9928458030952,,818.533103047388,519,-299.53310304738795,"historical 2010 survey prior, adjusted to modeled margins"
3305109,3303500,3448.0293514759255,,2326.242424686177,1281,-1045.242424686177,"historical 2010 survey prior, adjusted to modeled margins"
3305109,3303609,21.456875534835905,,14.162137870202754,137,122.83786212979724,"historical 2010 survey prior, adjusted to modeled margins"
3305109,3303906,72.9798507635695,,0.009671578092084979,1,0.990328421907915,"historical 2010 survey prior, adjusted to modeled margins"
3305109,3304003,0.0,,0.04444918345791936,6,5.955550816542081,"historical 2010 survey prior, adjusted to modeled margins"
3305109,3304144,312.48242942134743,,211.0974936602999,458,246.9025063397001,"historical 2010 survey prior, adjusted to modeled margins"
3305109,3304409,0.0,,2.504337214083164e-05,0,-2.504337214083164e-05,"historical 2010 survey prior, adjusted to modeled margins"
3305109,3304557,75202.99973687585,,50713.557063896915,47972,-2741.5570638969148,"historical 2010 survey prior, adjusted to modeled margins"
3305109,3304904,133.98506632797242,,93.44133844449549,0,-93.44133844449549,"historical 2010 survey prior, adjusted to modeled margins"
3305109,3305109,69789.42651757672,,102764.38990334923,102764,-0.3899033492343733,2022 local containment
3305109,3305554,44.3828699848985,,30.350300333426674,106,75.64969966657333,"historical 2010 survey prior, adjusted to modeled margins"
3305554,3300456,72.4656302628221,,58.46180179426568,36,-22.461801794265682,"historical 2010 survey prior, adjusted to modeled margins"
3305554,3300803,20.9428787608172,,0.7977890200404238,26,25.202210979959577,"historical 2010 survey prior, adjusted to modeled margins"
3305554,3301702,74.5117430441142,,60.37851185984445,44,-16.37851185984445,"historical 2010 survey prior, adjusted to modeled margins"
3305554,3301801,0.0,,5.832291094807286e-07,1,0.9999994167708905,"historical 2010 survey prior, adjusted to modeled margins"
3305554,3301850,0.0,,0.00697365694214338,1,0.9930263430578566,"historical 2010 survey prior, adjusted to modeled margins"
3305554,3301900,11.867766915008,,9.047190862302836,14,4.952809137697164,"historical 2010 survey prior, adjusted to modeled margins"
3305554,3302007,1778.1119898780903,,1429.8696483640854,2323,893.1303516359146,"historical 2010 survey prior, adjusted to modeled margins"
3305554,3302270,71.5976018404146,,57.61892740426893,234,176.38107259573107,"historical 2010 survey prior, adjusted to modeled margins"
3305554,3302502,20.087379204379,,15.763489381181945,15,-0.7634893811819445,"historical 2010 survey prior, adjusted to modeled margins"
3305554,3302601,137.4608545863328,,0.4469388415908237,5,4.553061158409176,"historical 2010 survey prior, adjusted to modeled margins"
3305554,3302700,10.8117120170799,,4.036506491507775,21,16.963493508492224,"historical 2010 survey prior, adjusted to modeled margins"
3305554,3302809,0.0,,0.0,0,0.0,"historical 2010 survey prior, adjusted to modeled margins"
3305554,3302858,54.9192132110371,,44.230416300809466,56,11.769583699190534,"historical 2010 survey prior, adjusted to modeled margins"
3305554,3302908,0.0,,6.107023689219415e-08,0,-6.107023689219415e-08,"historical 2010 survey prior, adjusted to modeled margins"
3305554,3303203,47.874166358694005,,38.56431697908651,16,-22.564316979086513,"historical 2010 survey prior, adjusted to modeled margins"
3305554,3303302,88.3967997316244,,71.48094083498724,23,-48.48094083498724,"historical 2010 survey prior, adjusted to modeled margins"
3305554,3303500,325.66221068604193,,262.2505808934779,76,-186.2505808934779,"historical 2010 survey prior, adjusted to modeled margins"
3305554,3303609,211.70329956460031,,163.84306357368564,836,672.1569364263144,"historical 2010 survey prior, adjusted to modeled margins"
3305554,3303906,20.2936753449232,,0.003209765175468306,0,-0.003209765175468306,"historical 2010 survey prior, adjusted to modeled margins"
3305554,3304003,58.98997050893461,,19.46212623413389,1240,1220.5378737658662,"historical 2010 survey prior, adjusted to modeled margins"
3305554,3304144,74.5088150175097,,59.98404223832322,69,9.01595776167678,"historical 2010 survey prior, adjusted to modeled margins"
3305554,3304409,12.8174792596128,,0.13783126803516157,10,9.862168731964838,"historical 2010 survey prior, adjusted to modeled margins"
3305554,3304557,6640.591272411166,,5345.313764343484,2672,-2673.313764343484,"historical 2010 survey prior, adjusted to modeled margins"
3305554,3304904,23.7858081379912,,19.511911497090715,0,-19.511911497090715,"historical 2010 survey prior, adjusted to modeled margins"
3305554,3305109,99.08748519388008,,79.8827928770147,23,-56.882792877014694,"historical 2010 survey prior, adjusted to modeled margins"
3305554,3305554,16757.624696040668,,21812.931473660086,21813,0.0685263399136602,2022 local containment
