id,commuters
RES_0000,1098
RES_0001,2151
RES_0002,1435
RES_0003,1026
RES_0004,1813
RES_0005,266
RES_0006,192
RES_0007,274
RES_0008,252
RES_0009,90
RES_0010,1881
RES_0011,815
RES_0012,543
RES_0013,243
RES_0014,623
RES_0015,398
RES_0016,1013
RES_0017,2040
RES_0018,881
RES_0019,1431
RES_0020,402
RES_0021,2355
RES_0022,2084
RES_0023,195
RES_0024,203
RES_0025,787
RES_0026,865
RES_0027,702
RES_0028,2727
RES_0029,244
RES_0030,448
RES_0031,1681
RES_0032,137
RES_0033,264
RES_0034,349
RES_0035,1709
RES_0036,1554
RES_0037,876
RES_0038,616
RES_0039,382
RES_0040,1665
RES_0041,248
RES_0042,120
RES_0043,132
RES_0044,47
RES_0045,252
RES_0046,482
RES_0047,70
RES_0048,73
RES_0049,681
RES_0050,1058
RES_0051,128
RES_0052,71
RES_0053,171
RES_0054,615
RES_0055,321
RES_0056,1176
RES_0057,674
RES_0058,306
RES_0059,188
RES_0060,156
RES_0061,240
RES_0062,77
RES_0063,123
RES_0064,173
RES_0065,439
RES_0066,145
RES_0067,491
RES_0068,1860
RES_0069,898
RES_0070,727
RES_0071,523
RES_0072,162
RES_0073,266
RES_0074,241
RES_0075,248
RES_0076,381
RES_0077,120
RES_0078,129
RES_0079,173
RES_0080,831
RES_0081,418
RES_0082,192
RES_0083,1376
RES_0084,1230
RES_0085,123
RES_0086,361
RES_0087,245
RES_0088,834
RES_0089,310
RES_0090,203
RES_0091,168
RES_0092,1510
RES_0093,186
RES_0094,743
RES_0095,748
RES_0096,59
RES_0097,1113
RES_0098,1401
RES_0099,897
RES_0100,185
RES_0101,669
RES_0102,1160
RES_0103,617
RES_0104,695
RES_0105,487
RES_0106,219
RES_0107,348
RES_0108,525
RES_0109,217
RES_0110,241
RES_0111,811
RES_0112,123
RES_0113,173
RES_0114,73
RES_0115,48
RES_0116,218
RES_0117,169
RES_0118,203
RES_0119,398
RES_0120,875
RES_0121,1303
RES_0122,1456
RES_0123,543
RES_0124,822
RES_0125,1307
RES_0126,157
RES_0127,172
RES_0128,258
RES_0129,1450
RES_0130,885
RES_0131,388
RES_0132,563
RES_0133,1135
RES_0134,1684
RES_0135,192
RES_0136,716
RES_0137,710
RES_0138,1392
RES_0139,455
RES_0140,132
RES_0141,191
RES_0142,247
RES_0143,382
RES_0144,226
RES_0145,1636
RES_0146,899
RES_0147,303
RES_0148,604
RES_0149,490
RES_0150,925
RES_0151,1364
RES_0152,484
RES_0153,681
RES_0154,102
RES_0155,281
RES_0156,220
RES_0157,99
RES_0158,258
RES_0159,677
RES_0160,874
RES_0161,367
RES_0162,1533
RES_0163,2089
RES_0164,303
RES_0165,123
RES_0166,152
RES_0167,52
RES_0168,152
RES_0169,115
RES_0170,371
RES_0171,926
RES_0172,922
RES_0173,915
RES_0174,466
RES_0175,420
RES_0176,185
RES_0177,127
RES_0178,111
RES_0179,271
RES_0180,162
RES_0181,168
RES_0182,1164
RES_0183,67
RES_0184,621
RES_0185,1226
RES_0186,781
RES_0187,1668
RES_0188,221
RES_0189,742
RES_0190,800
RES_0191,110
RES_0192,135
RES_0193,197
RES_0194,188
RES_0195,1009
RES_0196,155
RES_0197,877
RES_0198,1347
RES_0199,162
RES_0200,47
RES_0201,612
RES_0202,328
RES_0203,788
RES_0204,265
RES_0205,2123
RES_0206,142
RES_0207,371
RES_0208,125
RES_0209,956
RES_0210,777
RES_0211,22
RES_0212,1552
RES_0213,1981
RES_0214,545
RES_0215,296
RES_0216,90
RES_0217,6
RES_0218,48
RES_0219,76
RES_0220,445
RES_0221,1260
RES_0222,64
RES_0223,1806
RES_0224,772
RES_0225,173
RES_0226,311
RES_0227,857
RES_0228,314
RES_0229,114
RES_0230,53
RES_0231,611
RES_0232,4
RES_0233,36
RES_0234,993
RES_0235,888
RES_0236,168
RES_0237,462
RES_0238,766
RES_0239,818
RES_0240,747
RES_0241,180
RES_0242,98
RES_0243,138
RES_0244,265
RES_0245,1006
RES_0246,1044
RES_0247,1339
RES_0248,283
RES_0249,1268
RES_0250,348
RES_0251,777
RES_0252,167
RES_0253,391
RES_0254,266
RES_0255,167
RES_0256,143
RES_0257,259
RES_0258,348
RES_0259,1877
RES_0260,323
RES_0261,223
RES_0262,581
RES_0263,622
RES_0264,426
RES_0265,307
RES_0266,712
RES_0267,1095
RES_0268,460
RES_0269,197
RES_0270,294
RES_0271,48
RES_0272,253
RES_0273,91
RES_0274,13
RES_0275,7
RES_0276,9
RES_0277,21
RES_0278,9
RES_0279,5
RES_0280,12
RES_0281,5
RES_0282,8
RES_0283,1
RES_0284,1010
RES_0285,1977
RES_0286,515
RES_0287,352
RES_0288,1148
RES_0289,2064
RES_0290,1671
RES_0291,126
RES_0292,1973
RES_0293,282
RES_0294,148
RES_0295,654
RES_0296,1035
RES_0297,2021
RES_0298,488
RES_0299,1946
RES_0300,987
RES_0301,700
RES_0302,657
RES_0303,542
RES_0304,439
RES_0305,979
RES_0306,2559
RES_0307,553
RES_0308,205
RES_0309,833
RES_0310,1753
RES_0311,770
RES_0312,135
RES_0313,1651
RES_0314,1498
RES_0315,782
RES_0316,2926
RES_0317,3008
RES_0318,468
RES_0319,757
RES_0320,326
RES_0321,494
RES_0322,645
RES_0323,356
RES_0324,1207
RES_0325,997
RES_0326,607
RES_0327,2128
RES_0328,927
RES_0329,135
RES_0330,122
RES_0331,532
RES_0332,489
RES_0333,854
RES_0334,124
RES_0335,3824
RES_0336,804
RES_0337,419
RES_0338,1100
RES_0339,200
RES_0340,459
RES_0341,1800
RES_0342,741
RES_0343,3069
RES_0344,2350
RES_0345,101
RES_0346,1086
RES_0347,1968
RES_0348,734
RES_0349,11
RES_0350,331
RES_0351,339
RES_0352,150
RES_0353,588
RES_0354,997
RES_0355,1620
RES_0356,2443
RES_0357,368
RES_0358,664
RES_0359,2394
RES_0360,736
RES_0361,73
RES_0362,1072
RES_0363,193
RES_0364,293
RES_0365,1842
RES_0366,699
RES_0367,1666
RES_0368,647
RES_0369,299
RES_0370,447
RES_0371,37
RES_0372,512
RES_0373,110
RES_0374,489
RES_0375,231
RES_0376,51
RES_0377,123
RES_0378,1240
RES_0379,1624
RES_0380,513
RES_0381,1467
RES_0382,3571
RES_0383,2356
RES_0384,473
RES_0385,1602
RES_0386,1498
RES_0387,180
RES_0388,828
RES_0389,1111
RES_0390,2061
RES_0391,1995
RES_0392,386
RES_0393,2121
RES_0394,621
RES_0395,578
RES_0396,392
RES_0397,1620
RES_0398,499
RES_0399,186
RES_0400,523
RES_0401,3164
RES_0402,1822
RES_0403,129
RES_0404,844
RES_0405,225
RES_0406,121
RES_0407,704
RES_0408,328
RES_0409,222
RES_0410,321
RES_0411,491
RES_0412,618
RES_0413,513
RES_0414,322
RES_0415,346
RES_0416,1706
RES_0417,2319
RES_0418,367
RES_0419,1741
RES_0420,1040
RES_0421,418
RES_0422,170
RES_0423,590
RES_0424,33
RES_0425,294
RES_0426,548
RES_0427,35
RES_0428,419
RES_0429,326
RES_0430,99
RES_0431,82
RES_0432,1602
RES_0433,268
RES_0434,1676
RES_0435,2333
RES_0436,100
RES_0437,2016
RES_0438,694
RES_0439,327
RES_0440,135
RES_0441,360
RES_0442,200
RES_0443,89
RES_0444,570
RES_0445,64
RES_0446,2310
RES_0447,406
RES_0448,2820
RES_0449,975
RES_0450,408
RES_0451,1636
RES_0452,1205
RES_0453,225
RES_0454,544
RES_0455,325
RES_0456,528
RES_0457,135
RES_0458,158
RES_0459,222
RES_0460,316
RES_0461,532
RES_0462,748
RES_0463,495
RES_0464,122
RES_0465,1277
RES_0466,409
RES_0467,77
RES_0468,118
RES_0469,49
RES_0470,135
RES_0471,226
RES_0472,1341
RES_0473,56
RES_0474,199
RES_0475,73
RES_0476,176
RES_0477,60
RES_0478,283
RES_0479,127
RES_0480,14
RES_0481,626
RES_0482,491
RES_0483,745
RES_0484,769
RES_0485,453
RES_0486,556
RES_0487,105
RES_0488,422
RES_0489,1001
RES_0490,790
RES_0491,144
RES_0492,93
RES_0493,104
RES_0494,594
RES_0495,833
RES_0496,494
RES_0497,435
RES_0498,205
RES_0499,1395
RES_0500,1667
RES_0501,308
RES_0502,960
RES_0503,419
RES_0504,2154
RES_0505,1899
RES_0506,1097
RES_0507,1423
RES_0508,1616
RES_0509,118
RES_0510,56
RES_0511,1301
RES_0512,83
RES_0513,444
RES_0514,2082
RES_0515,353
RES_0516,298
RES_0517,1073
RES_0518,1473
RES_0519,2055
RES_0520,1685
RES_0521,977
RES_0522,437
RES_0523,1564
RES_0524,1641
RES_0525,1138
RES_0526,948
RES_0527,2124
RES_0528,759
RES_0529,259
RES_0530,168
RES_0531,483
RES_0532,155
RES_0533,51
RES_0534,118
RES_0535,417
RES_0536,118
RES_0537,585
RES_0538,155
RES_0539,282
RES_0540,557
RES_0541,284
RES_0542,768
RES_0543,1049
RES_0544,29
RES_0545,223
RES_0546,252
RES_0547,31
RES_0548,209
RES_0549,164
RES_0550,844
RES_0551,575
RES_0552,240
RES_0553,1136
RES_0554,1188
RES_0555,155
RES_0556,715
RES_0557,218
RES_0558,322
RES_0559,258
RES_0560,383
RES_0561,445
RES_0562,812
RES_0563,145
RES_0564,1014
RES_0565,269
RES_0566,629
RES_0567,209
RES_0568,189
RES_0569,566
RES_0570,1376
RES_0571,784
RES_0572,719
RES_0573,1616
RES_0574,756
RES_0575,484
RES_0576,1363
RES_0577,624
RES_0578,69
RES_0579,182
RES_0580,184
RES_0581,138
RES_0582,797
RES_0583,1360
RES_0584,1331
RES_0585,308
RES_0586,371
RES_0587,1397
RES_0588,1584
RES_0589,1453
RES_0590,242
RES_0591,987
RES_0592,804
RES_0593,433
RES_0594,235
RES_0595,1061
RES_0596,7
RES_0597,392
RES_0598,757
RES_0599,452
RES_0600,981
RES_0601,1503
RES_0602,322
RES_0603,229
RES_0604,146
RES_0605,515
RES_0606,303
RES_0607,639
RES_0608,1894
RES_0609,927
RES_0610,273
RES_0611,1480
RES_0612,1773
RES_0613,1113
RES_0614,573
RES_0615,261
RES_0616,264
RES_0617,187
RES_0618,825
RES_0619,652
RES_0620,464
RES_0621,1493
RES_0622,1014
RES_0623,775
RES_0624,79
RES_0625,860
RES_0626,960
RES_0627,189
RES_0628,42
RES_0629,396
RES_0630,1524
RES_0631,1132
RES_0632,60
RES_0633,732
RES_0634,762
RES_0635,522
RES_0636,427
RES_0637,226
RES_0638,332
RES_0639,558
RES_0640,797
RES_0641,1414
RES_0642,850
RES_0643,33
RES_0644,601
RES_0645,1364
RES_0646,349
RES_0647,151
RES_0648,576
RES_0649,965
RES_0650,872
RES_0651,515
RES_0652,453
RES_0653,736
RES_0654,286
RES_0655,65
RES_0656,814
RES_0657,717
RES_0658,619
RES_0659,491
RES_0660,177
RES_0661,278
RES_0662,582
RES_0663,121
RES_0664,38
RES_0665,127
RES_0666,259
RES_0667,303
RES_0668,21
RES_0669,75
RES_0670,89
RES_0671,304
RES_0672,415
RES_0673,511
RES_0674,741
RES_0675,710
RES_0676,189
RES_0677,190
RES_0678,55
RES_0679,276
RES_0680,279
RES_0681,23
RES_0682,5
RES_0683,33
RES_0684,48
RES_0685,202
RES_0686,85
RES_0687,193
RES_0688,741
RES_0689,827
RES_0690,301
RES_0691,148
RES_0692,169
RES_0693,93
RES_0694,872
RES_0695,81
RES_0696,214
RES_0697,89
RES_0698,238
RES_0699,308
RES_0700,186
RES_0701,100
RES_0702,223
RES_0703,70
RES_0704,51
RES_0705,47
RES_0706,187
RES_0707,235
RES_0708,130
RES_0709,1056
RES_0710,23
RES_0711,520
RES_0712,715
RES_0713,1393
RES_0714,653
RES_0715,174
RES_0716,1146
RES_0717,2
RES_0718,307
RES_0719,14
RES_0720,12
RES_0721,33
RES_0722,4
RES_0723,144
RES_0724,45
RES_0725,81
RES_0726,27
RES_0727,104
RES_0728,41
RES_0729,4
RES_0730,58
RES_0731,18
RES_0732,52
RES_0733,45
RES_0734,24
RES_0735,51
RES_0736,16
RES_0737,112
RES_0738,25
RES_0739,6
RES_0740,1
RES_0741,1
RES_0742,236
RES_0743,95
RES_0744,178
RES_0745,600
RES_0746,134
RES_0747,163
RES_0748,131
RES_0749,54
RES_0750,92
RES_0751,0
RES_0752,126
RES_0753,69
RES_0754,61
RES_0755,65
RES_0756,59
RES_0757,104
RES_0758,124
RES_0759,121
RES_0760,207
RES_0761,100
RES_0762,45
RES_0763,2
RES_0764,50
RES_0765,68
RES_0766,112
RES_0767,70
RES_0768,3
RES_0769,12
RES_0770,90
RES_0771,3
RES_0772,66
RES_0773,5
RES_0774,3
RES_0775,9
RES_0776,8
RES_0777,386
RES_0778,141
RES_0779,1621
RES_0780,1479
RES_0781,74
RES_0782,889
RES_0783,937
RES_0784,102
RES_0785,94
RES_0786,232
RES_0787,360
RES_0788,119
RES_0789,1231
RES_0790,1057
RES_0791,55
RES_0792,182
RES_0793,191
RES_0794,198
RES_0795,7
RES_0796,552
RES_0797,183
RES_0798,294
RES_0799,263
RES_0800,641
RES_0801,6
RES_0802,238
RES_0803,29
RES_0804,21
RES_0805,204
RES_0806,140
RES_0807,59
RES_0808,316
RES_0809,345
RES_0810,135
RES_0811,244
RES_0812,2662
RES_0813,208
RES_0814,191
RES_0815,1464
RES_0816,660
RES_0817,78
RES_0818,2
RES_0819,69
RES_0820,682
RES_0821,714
RES_0822,406
RES_0823,181
RES_0824,168
RES_0825,421
RES_0826,108
RES_0827,1292
RES_0828,21
RES_0829,894
RES_0830,1044
RES_0831,6
RES_0832,278
RES_0833,131
RES_0834,87
RES_0835,371
RES_0836,414
RES_0837,1077
RES_0838,468
RES_0839,549
RES_0840,795
RES_0841,676
RES_0842,1150
RES_0843,209
RES_0844,98
RES_0845,52
RES_0846,384
RES_0847,148
RES_0848,618
RES_0849,38
RES_0850,673
RES_0851,145
RES_0852,296
RES_0853,162
RES_0854,114
RES_0855,386
RES_0856,289
RES_0857,644
RES_0858,304
RES_0859,401
RES_0860,772
RES_0861,67
RES_0862,313
RES_0863,140
RES_0864,410
RES_0865,845
RES_0866,260
RES_0867,40
RES_0868,44
RES_0869,60
RES_0870,640
RES_0871,437
RES_0872,7
RES_0873,13
RES_0874,15
RES_0875,126
RES_0876,317
RES_0877,381
RES_0878,90
RES_0879,312
RES_0880,256
RES_0881,79
RES_0882,289
RES_0883,365
RES_0884,126
RES_0885,66
RES_0886,694
RES_0887,321
RES_0888,131
RES_0889,140
RES_0890,63
RES_0891,36
RES_0892,49
RES_0893,160
RES_0894,504
RES_0895,151
RES_0896,57
RES_0897,13
RES_0898,44
RES_0899,6
RES_0900,10
RES_0901,56
RES_0902,69
RES_0903,21
RES_0904,6
RES_0905,167
RES_0906,143
RES_0907,64
RES_0908,30
RES_0909,75
RES_0910,21
RES_0911,522
RES_0912,735
RES_0913,48
RES_0914,251
RES_0915,563
RES_0916,237
RES_0917,712
RES_0918,140
RES_0919,68
RES_0920,257
RES_0921,153
RES_0922,6
RES_0923,248
RES_0924,378
RES_0925,232
RES_0926,198
RES_0927,1083
RES_0928,134
RES_0929,26
RES_0930,826
RES_0931,187
RES_0932,1
RES_0933,4
RES_0934,39
RES_0935,117
RES_0936,63
RES_0937,4
RES_0938,248
RES_0939,125
RES_0940,24
RES_0941,1
RES_0942,182
RES_0943,192
RES_0944,163
RES_0945,1396
RES_0946,359
RES_0947,176
RES_0948,1123
RES_0949,1211
RES_0950,34
RES_0951,59
RES_0952,63
RES_0953,406
RES_0954,273
RES_0955,70
RES_0956,148
RES_0957,501
RES_0958,593
RES_0959,130
RES_0960,1150
RES_0961,145
RES_0962,323
RES_0963,191
RES_0964,415
RES_0965,829
RES_0966,1043
RES_0967,425
RES_0968,313
RES_0969,33
RES_0970,919
RES_0971,867
RES_0972,159
RES_0973,202
RES_0974,1358
RES_0975,1198
RES_0976,200
RES_0977,909
RES_0978,1041
RES_0979,63
RES_0980,175
RES_0981,157
RES_0982,144
RES_0983,21
RES_0984,284
RES_0985,1157
RES_0986,779
RES_0987,759
RES_0988,668
RES_0989,191
RES_0990,25
RES_0991,67
RES_0992,16
RES_0993,4
RES_0994,123
RES_0995,157
RES_0996,482
RES_0997,77
RES_0998,154
RES_0999,6
RES_1000,33
RES_1001,13
RES_1002,293
RES_1003,39
RES_1004,118
RES_1005,401
RES_1006,28
RES_1007,180
RES_1008,25
RES_1009,110
RES_1010,450
RES_1011,98
RES_1012,137
RES_1013,7
RES_1014,371
RES_1015,71
RES_1016,117
RES_1017,61
RES_1018,22
RES_1019,8
RES_1020,0
RES_1021,2
RES_1022,7
RES_1023,11
RES_1024,37
RES_1025,10
RES_1026,1
RES_1027,12
RES_1028,115
RES_1029,33
RES_1030,215
RES_1031,99
RES_1032,50
RES_1033,406
RES_1034,14
RES_1035,403
RES_1036,18
RES_1037,73
RES_1038,14
RES_1039,12
RES_1040,210
RES_1041,237
RES_1042,187
RES_1043,641
RES_1044,34
RES_1045,621
RES_1046,141
RES_1047,69
RES_1048,8
RES_1049,197
RES_1050,112
RES_1051,15
RES_1052,62
RES_1053,68
RES_1054,16
RES_1055,385
RES_1056,676
RES_1057,472
RES_1058,10
RES_1059,171
RES_1060,148
RES_1061,631
RES_1062,594
RES_1063,704
RES_1064,211
RES_1065,6
RES_1066,13
RES_1067,104
RES_1068,1130
RES_1069,840
RES_1070,370
RES_1071,249
RES_1072,473
RES_1073,11
RES_1074,133
RES_1075,1544
RES_1076,1505
RES_1077,512
RES_1078,327
RES_1079,18
RES_1080,2
RES_1081,299
RES_1082,1305
RES_1083,1665
RES_1084,847
RES_1085,565
RES_1086,223
RES_1087,21
RES_1088,169
RES_1089,564
RES_1090,1780
RES_1091,994
RES_1092,114
RES_1093,161
RES_1094,7
RES_1095,95
RES_1096,328
RES_1097,861
RES_1098,1338
RES_1099,947
RES_1100,515
RES_1101,103
RES_1102,947
RES_1103,1691
RES_1104,1560
RES_1105,873
RES_1106,833
RES_1107,305
RES_1108,409
RES_1109,476
RES_1110,625
RES_1111,477
RES_1112,532
RES_1113,992
RES_1114,89
RES_1115,10
RES_1116,517
RES_1117,15
RES_1118,6
RES_1119,28
RES_1120,11
RES_1121,122
RES_1122,60
RES_1123,41
RES_1124,197
RES_1125,10
RES_1126,87
RES_1127,133
RES_1128,320
RES_1129,386
RES_1130,335
RES_1131,225
RES_1132,438
RES_1133,140
RES_1134,199
RES_1135,97
RES_1136,115
RES_1137,149
RES_1138,87
RES_1139,125
RES_1140,66
RES_1141,99
RES_1142,72
RES_1143,177
RES_1144,152
RES_1145,7
RES_1146,29
RES_1147,22
RES_1148,39
RES_1149,18
RES_1150,17
RES_1151,22
RES_1152,45
RES_1153,456
RES_1154,172
RES_1155,438
RES_1156,67
RES_1157,160
RES_1158,209
RES_1159,374
RES_1160,155
RES_1161,246
RES_1162,342
RES_1163,155
RES_1164,226
RES_1165,282
RES_1166,152
RES_1167,214
RES_1168,230
RES_1169,1221
RES_1170,611
RES_1171,660
RES_1172,148
RES_1173,48
RES_1174,622
RES_1175,458
RES_1176,33
RES_1177,194
RES_1178,172
RES_1179,352
RES_1180,244
RES_1181,330
RES_1182,135
RES_1183,945
RES_1184,125
RES_1185,765
RES_1186,647
RES_1187,168
RES_1188,28
RES_1189,241
RES_1190,49
RES_1191,13
RES_1192,88
RES_1193,176
RES_1194,437
RES_1195,562
RES_1196,134
RES_1197,237
RES_1198,92
RES_1199,727
RES_1200,452
RES_1201,691
RES_1202,401
RES_1203,316
RES_1204,387
RES_1205,312
RES_1206,311
RES_1207,147
RES_1208,54
RES_1209,95
RES_1210,281
RES_1211,663
RES_1212,131
RES_1213,510
RES_1214,181
RES_1215,215
RES_1216,659
RES_1217,144
RES_1218,898
RES_1219,155
RES_1220,226
RES_1221,1331
RES_1222,151
RES_1223,403
RES_1224,128
RES_1225,175
RES_1226,11
RES_1227,174
RES_1228,70
RES_1229,74
RES_1230,79
RES_1231,87
RES_1232,102
RES_1233,139
RES_1234,173
RES_1235,210
RES_1236,156
RES_1237,371
RES_1238,13
RES_1239,16
RES_1240,239
RES_1241,36
RES_1242,138
RES_1243,244
RES_1244,358
RES_1245,41
RES_1246,16
RES_1247,6
RES_1248,22
RES_1249,93
RES_1250,57
RES_1251,36
RES_1252,28
RES_1253,121
RES_1254,144
RES_1255,8
RES_1256,2
RES_1257,29
RES_1258,69
RES_1259,87
RES_1260,15
RES_1261,74
RES_1262,27
RES_1263,202
RES_1264,152
RES_1265,192
RES_1266,75
RES_1267,135
RES_1268,110
RES_1269,227
RES_1270,1
RES_1271,125
RES_1272,338
RES_1273,237
RES_1274,39
RES_1275,60
RES_1276,153
RES_1277,361
RES_1278,512
RES_1279,174
RES_1280,699
RES_1281,809
RES_1282,1729
RES_1283,436
RES_1284,111
RES_1285,338
RES_1286,123
RES_1287,497
RES_1288,679
RES_1289,667
RES_1290,662
RES_1291,182
RES_1292,137
RES_1293,460
RES_1294,688
RES_1295,273
RES_1296,807
RES_1297,303
RES_1298,1025
RES_1299,294
RES_1300,187
RES_1301,8
RES_1302,303
RES_1303,122
RES_1304,36
RES_1305,200
RES_1306,255
RES_1307,175
RES_1308,18
RES_1309,42
RES_1310,88
RES_1311,201
RES_1312,104
RES_1313,221
RES_1314,462
RES_1315,178
RES_1316,84
RES_1317,71
RES_1318,219
RES_1319,170
RES_1320,50
RES_1321,161
RES_1322,191
RES_1323,2
RES_1324,302
RES_1325,179
RES_1326,359
RES_1327,110
RES_1328,15
RES_1329,505
RES_1330,103
RES_1331,264
RES_1332,821
RES_1333,189
RES_1334,200
RES_1335,137
RES_1336,144
RES_1337,138
RES_1338,562
RES_1339,592
RES_1340,23
RES_1341,98
RES_1342,76
RES_1343,40
RES_1344,451
RES_1345,624
RES_1346,24
RES_1347,77
RES_1348,343
RES_1349,508
RES_1350,1
RES_1351,71
RES_1352,146
RES_1353,232
RES_1354,33
RES_1355,2
RES_1356,42
RES_1357,402
RES_1358,115
RES_1359,29
RES_1360,45
RES_1361,270
RES_1362,386
RES_1363,145
RES_1364,43
RES_1365,114
RES_1366,236
RES_1367,85
RES_1368,53
RES_1369,518
RES_1370,564
RES_1371,161
RES_1372,195
RES_1373,344
RES_1374,978
RES_1375,910
RES_1376,697
RES_1377,288
RES_1378,197
RES_1379,586
RES_1380,903
RES_1381,679
RES_1382,821
RES_1383,911
RES_1384,1111
RES_1385,1594
RES_1386,88
RES_1387,354
RES_1388,630
RES_1389,1317
RES_1390,1479
RES_1391,853
RES_1392,1218
RES_1393,1094
RES_1394,162
RES_1395,263
RES_1396,464
RES_1397,70
RES_1398,66
RES_1399,1313
RES_1400,1703
RES_1401,1317
RES_1402,1079
RES_1403,1108
RES_1404,249
RES_1405,179
RES_1406,5
RES_1407,335
RES_1408,690
RES_1409,1473
RES_1410,2056
RES_1411,612
RES_1412,235
RES_1413,140
RES_1414,359
RES_1415,1018
RES_1416,708
RES_1417,208
RES_1418,614
RES_1419,97
RES_1420,309
RES_1421,80
RES_1422,372
RES_1423,247
RES_1424,204
RES_1425,75
RES_1426,146
RES_1427,893
RES_1428,1
RES_1429,87
RES_1430,0
RES_1431,213
RES_1432,197
RES_1433,110
RES_1434,6
RES_1435,176
RES_1436,68
RES_1437,71
RES_1438,11
RES_1439,57
RES_1440,278
RES_1441,166
RES_1442,295
RES_1443,470
RES_1444,353
RES_1445,2
RES_1446,213
RES_1447,962
RES_1448,458
RES_1449,309
RES_1450,69
RES_1451,332
RES_1452,161
RES_1453,41
RES_1454,92
RES_1455,2
RES_1456,23
RES_1457,178
RES_1458,178
RES_1459,138
RES_1460,122
RES_1461,213
RES_1462,224
RES_1463,162
RES_1464,116
RES_1465,38
RES_1466,151
RES_1467,164
RES_1468,93
RES_1469,329
RES_1470,433
RES_1471,16
RES_1472,110
RES_1473,104
RES_1474,699
RES_1475,117
RES_1476,131
RES_1477,48
RES_1478,281
RES_1479,89
RES_1480,112
RES_1481,27
RES_1482,95
RES_1483,105
RES_1484,11
RES_1485,173
RES_1486,493
RES_1487,42
RES_1488,83
RES_1489,114
RES_1490,41
RES_1491,28
RES_1492,92
RES_1493,39
RES_1494,186
RES_1495,62
RES_1496,24
RES_1497,329
RES_1498,140
RES_1499,104
RES_1500,134
RES_1501,88
RES_1502,81
RES_1503,217
RES_1504,102
RES_1505,137
RES_1506,4
RES_1507,1
RES_1508,0
RES_1509,1
RES_1510,4
RES_1511,5
RES_1512,8
RES_1513,1
RES_1514,3
RES_1515,2
RES_1516,30
RES_1517,9
RES_1518,0
RES_1519,284
RES_1520,255
RES_1521,27
RES_1522,150
RES_1523,746
RES_1524,367
RES_1525,36
RES_1526,635
RES_1527,355
RES_1528,134
RES_1529,2
RES_1530,381
RES_1531,471
RES_1532,9
RES_1533,4
RES_1534,79
RES_1535,181
RES_1536,240
RES_1537,316
RES_1538,18
RES_1539,325
RES_1540,287
RES_1541,32
RES_1542,91
RES_1543,403
RES_1544,8
RES_1545,1
RES_1546,270
RES_1547,508
RES_1548,119
RES_1549,103
RES_1550,405
RES_1551,285
RES_1552,174
RES_1553,42
RES_1554,28
RES_1555,33
RES_1556,93
RES_1557,107
RES_1558,534
RES_1559,303
RES_1560,255
RES_1561,611
RES_1562,582
RES_1563,22
RES_1564,340
RES_1565,61
RES_1566,1
RES_1567,70
RES_1568,403
RES_1569,138
RES_1570,347
RES_1571,108
RES_1572,103
RES_1573,110
RES_1574,1
RES_1575,248
RES_1576,55
RES_1577,108
RES_1578,131
RES_1579,68
RES_1580,29
RES_1581,37
RES_1582,92
RES_1583,125
RES_1584,933
RES_1585,191
RES_1586,416
RES_1587,14
RES_1588,351
RES_1589,236
RES_1590,7
RES_1591,69
RES_1592,147
RES_1593,272
RES_1594,130
RES_1595,290
RES_1596,396
RES_1597,107
RES_1598,155
RES_1599,169
RES_1600,519
RES_1601,568
RES_1602,212
RES_1603,474
RES_1604,276
RES_1605,27
RES_1606,789
RES_1607,262
RES_1608,287
RES_1609,7
RES_1610,15
RES_1611,259
RES_1612,1427
RES_1613,300
RES_1614,266
RES_1615,178
RES_1616,181
RES_1617,318
RES_1618,691
RES_1619,284
RES_1620,465
RES_1621,561
RES_1622,7
RES_1623,389
RES_1624,651
RES_1625,222
RES_1626,335
RES_1627,386
RES_1628,226
RES_1629,248
RES_1630,137
RES_1631,228
RES_1632,881
RES_1633,151
RES_1634,26
RES_1635,84
RES_1636,115
RES_1637,421
RES_1638,602
RES_1639,619
RES_1640,75
RES_1641,63
RES_1642,713
RES_1643,697
RES_1644,247
RES_1645,80
RES_1646,20
RES_1647,30
RES_1648,424
RES_1649,384
RES_1650,145
RES_1651,78
RES_1652,646
RES_1653,367
RES_1654,165
RES_1655,536
RES_1656,319
RES_1657,59
RES_1658,272
RES_1659,169
RES_1660,159
RES_1661,457
RES_1662,130
RES_1663,277
RES_1664,163
RES_1665,187
RES_1666,0
RES_1667,827
RES_1668,1983
RES_1669,1550
RES_1670,185
RES_1671,31
RES_1672,266
RES_1673,2015
RES_1674,1113
RES_1675,352
RES_1676,308
RES_1677,3473
RES_1678,2423
RES_1679,1141
RES_1680,1483
RES_1681,28
RES_1682,123
RES_1683,1201
RES_1684,1848
RES_1685,383
RES_1686,53
RES_1687,329
RES_1688,844
RES_1689,262
RES_1690,590
RES_1691,62
RES_1692,1878
RES_1693,1312
RES_1694,670
RES_1695,202
RES_1696,1311
RES_1697,3190
RES_1698,131
RES_1699,57
RES_1700,755
RES_1701,608
RES_1702,179
RES_1703,2237
RES_1704,306
RES_1705,900
RES_1706,727
RES_1707,470
RES_1708,33
RES_1709,929
RES_1710,331
RES_1711,202
RES_1712,325
RES_1713,1218
RES_1714,1562
RES_1715,265
RES_1716,754
RES_1717,372
RES_1718,641
RES_1719,780
RES_1720,19
RES_1721,2056
RES_1722,119
RES_1723,74
RES_1724,244
RES_1725,715
RES_1726,450
RES_1727,275
RES_1728,883
RES_1729,432
RES_1730,776
RES_1731,1588
RES_1732,116
RES_1733,1024
RES_1734,818
RES_1735,1855
RES_1736,15
RES_1737,10
RES_1738,1
RES_1739,794
RES_1740,1391
RES_1741,1586
RES_1742,2463
RES_1743,164
RES_1744,387
RES_1745,549
RES_1746,229
RES_1747,2367
RES_1748,279
RES_1749,166
RES_1750,149
RES_1751,313
RES_1752,441
RES_1753,330
RES_1754,1575
RES_1755,272
RES_1756,359
RES_1757,2033
RES_1758,470
RES_1759,306
RES_1760,138
RES_1761,297
RES_1762,1172
RES_1763,657
RES_1764,2172
RES_1765,293
RES_1766,1484
RES_1767,447
RES_1768,197
RES_1769,1447
RES_1770,1872
RES_1771,468
RES_1772,2737
RES_1773,1919
RES_1774,446
RES_1775,1443
RES_1776,313
RES_1777,1555
RES_1778,907
RES_1779,712
RES_1780,104
RES_1781,161
RES_1782,728
RES_1783,2358
RES_1784,356
RES_1785,69
RES_1786,648
RES_1787,370
RES_1788,2808
RES_1789,983
RES_1790,1303
RES_1791,1861
RES_1792,932
RES_1793,259
RES_1794,147
RES_1795,459
RES_1796,849
RES_1797,304
RES_1798,1427
RES_1799,1125
RES_1800,147
RES_1801,250
RES_1802,200
RES_1803,509
RES_1804,181
RES_1805,280
RES_1806,481
RES_1807,18
RES_1808,931
RES_1809,10
RES_1810,296
RES_1811,537
RES_1812,222
RES_1813,335
RES_1814,227
RES_1815,1570
RES_1816,916
RES_1817,1625
RES_1818,1528
RES_1819,44
RES_1820,1310
RES_1821,10
RES_1822,263
RES_1823,279
RES_1824,173
RES_1825,232
RES_1826,437
RES_1827,156
RES_1828,46
RES_1829,293
RES_1830,621
RES_1831,99
RES_1832,357
RES_1833,331
RES_1834,1077
RES_1835,53
RES_1836,592
RES_1837,453
RES_1838,486
RES_1839,493
RES_1840,1209
RES_1841,18
RES_1842,256
RES_1843,449
RES_1844,142
RES_1845,263
RES_1846,323
RES_1847,93
RES_1848,164
RES_1849,780
RES_1850,420
RES_1851,951
RES_1852,197
RES_1853,268
RES_1854,229
RES_1855,235
RES_1856,338
RES_1857,963
RES_1858,222
RES_1859,856
RES_1860,201
RES_1861,125
RES_1862,36
RES_1863,197
RES_1864,165
RES_1865,26
RES_1866,208
RES_1867,61
RES_1868,161
RES_1869,150
RES_1870,1186
RES_1871,2025
RES_1872,1853
RES_1873,1575
RES_1874,535
RES_1875,514
RES_1876,484
RES_1877,417
RES_1878,280
RES_1879,1470
RES_1880,87
RES_1881,2051
RES_1882,480
RES_1883,1256
RES_1884,854
RES_1885,989
RES_1886,187
RES_1887,36
RES_1888,177
RES_1889,177
RES_1890,70
RES_1891,1245
RES_1892,1578
RES_1893,888
RES_1894,6
RES_1895,267
RES_1896,514
RES_1897,235
RES_1898,262
RES_1899,380
RES_1900,312
RES_1901,558
RES_1902,45
RES_1903,484
RES_1904,188
RES_1905,291
RES_1906,17
RES_1907,193
RES_1908,59
RES_1909,655
RES_1910,1521
RES_1911,1254
RES_1912,915
RES_1913,583
RES_1914,188
RES_1915,335
RES_1916,166
RES_1917,2
RES_1918,6
RES_1919,1032
RES_1920,449
RES_1921,299
RES_1922,148
RES_1923,2909
RES_1924,518
RES_1925,2383
RES_1926,1367
RES_1927,3580
RES_1928,1432
RES_1929,245
RES_1930,985
RES_1931,1089
RES_1932,168
RES_1933,639
RES_1934,338
RES_1935,445
RES_1936,245
RES_1937,35
RES_1938,130
RES_1939,420
RES_1940,228
RES_1941,179
RES_1942,142
RES_1943,58
RES_1944,241
RES_1945,217
RES_1946,264
RES_1947,93
RES_1948,1327
RES_1949,101
RES_1950,319
RES_1951,114
RES_1952,5325
RES_1953,6614
RES_1954,8170
RES_1955,1707
RES_1956,3883
RES_1957,4784
RES_1958,613
RES_1959,36
RES_1960,229
RES_1961,641
RES_1962,872
RES_1963,778
RES_1964,5266
RES_1965,560
RES_1966,248
RES_1967,451
RES_1968,172
RES_1969,182
RES_1970,564
RES_1971,84
RES_1972,15
RES_1973,103
RES_1974,649
RES_1975,680
RES_1976,774
RES_1977,738
RES_1978,383
RES_1979,90
RES_1980,650
RES_1981,939
RES_1982,46
RES_1983,355
RES_1984,523
RES_1985,65
RES_1986,372
RES_1987,405
RES_1988,317
RES_1989,34
RES_1990,141
RES_1991,232
RES_1992,503
RES_1993,209
RES_1994,177
RES_1995,57
RES_1996,34
RES_1997,173
RES_1998,423
RES_1999,81
RES_2000,317
RES_2001,395
RES_2002,552
RES_2003,649
RES_2004,324
RES_2005,161
RES_2006,323
RES_2007,417
RES_2008,338
RES_2009,287
RES_2010,156
RES_2011,268
RES_2012,175
RES_2013,366
RES_2014,246
RES_2015,135
RES_2016,867
RES_2017,494
RES_2018,103
RES_2019,363
RES_2020,67
RES_2021,344
RES_2022,390
RES_2023,525
RES_2024,756
RES_2025,424
RES_2026,244
RES_2027,112
RES_2028,86
RES_2029,32
RES_2030,133
RES_2031,226
RES_2032,309
RES_2033,204
RES_2034,264
RES_2035,680
RES_2036,14
RES_2037,120
RES_2038,166
RES_2039,64
RES_2040,1
RES_2041,108
RES_2042,11
RES_2043,661
RES_2044,752
RES_2045,21
RES_2046,745
RES_2047,551
RES_2048,41
RES_2049,551
RES_2050,514
RES_2051,569
RES_2052,723
RES_2053,295
RES_2054,259
RES_2055,599
RES_2056,708
RES_2057,252
RES_2058,418
RES_2059,498
RES_2060,398
RES_2061,292
RES_2062,276
RES_2063,494
RES_2064,348
RES_2065,107
RES_2066,1208
RES_2067,161
RES_2068,631
RES_2069,17
RES_2070,1
RES_2071,343
RES_2072,367
RES_2073,135
RES_2074,769
RES_2075,65
RES_2076,155
RES_2077,486
RES_2078,44
RES_2079,928
RES_2080,1077
RES_2081,101
RES_2082,139
RES_2083,755
RES_2084,1664
RES_2085,135
RES_2086,520
RES_2087,204
RES_2088,4368
RES_2089,2717
RES_2090,4274
RES_2091,736
RES_2092,411
RES_2093,1054
RES_2094,34
RES_2095,199
RES_2096,252
RES_2097,308
RES_2098,98
RES_2099,91
RES_2100,311
RES_2101,954
RES_2102,299
RES_2103,228
RES_2104,467
RES_2105,97
RES_2106,116
RES_2107,34
RES_2108,121
RES_2109,156
RES_2110,1197
RES_2111,166
RES_2112,923
RES_2113,329
RES_2114,193
RES_2115,73
RES_2116,299
RES_2117,264
RES_2118,789
RES_2119,831
RES_2120,463
RES_2121,560
RES_2122,84
RES_2123,131
RES_2124,381
RES_2125,577
RES_2126,218
RES_2127,166
RES_2128,222
RES_2129,223
RES_2130,256
RES_2131,115
RES_2132,121
RES_2133,657
RES_2134,769
RES_2135,383
RES_2136,62
RES_2137,117
RES_2138,1
RES_2139,8
RES_2140,42
RES_2141,366
RES_2142,2
RES_2143,354
RES_2144,208
RES_2145,311
RES_2146,163
RES_2147,700
RES_2148,109
RES_2149,153
RES_2150,136
RES_2151,216
RES_2152,149
RES_2153,13
RES_2154,177
RES_2155,105
RES_2156,30
RES_2157,11
RES_2158,300
RES_2159,220
RES_2160,62
RES_2161,583
RES_2162,147
RES_2163,161
RES_2164,246
RES_2165,404
RES_2166,355
RES_2167,272
RES_2168,287
RES_2169,163
RES_2170,138
RES_2171,145
RES_2172,514
RES_2173,285
RES_2174,208
RES_2175,450
RES_2176,456
RES_2177,320
RES_2178,108
RES_2179,429
RES_2180,272
RES_2181,184
RES_2182,164
RES_2183,177
RES_2184,1165
RES_2185,1145
RES_2186,1070
RES_2187,589
RES_2188,244
RES_2189,56
RES_2190,274
RES_2191,1094
RES_2192,970
RES_2193,259
RES_2194,73
RES_2195,1203
RES_2196,227
RES_2197,330
RES_2198,5
RES_2199,250
RES_2200,217
RES_2201,977
RES_2202,266
RES_2203,2221
RES_2204,434
RES_2205,983
RES_2206,1151
RES_2207,989
RES_2208,297
RES_2209,1037
RES_2210,193
RES_2211,74
RES_2212,634
RES_2213,379
RES_2214,418
RES_2215,107
RES_2216,177
RES_2217,518
RES_2218,913
RES_2219,98
RES_2220,645
RES_2221,339
RES_2222,68
RES_2223,57
RES_2224,540
RES_2225,227
RES_2226,799
RES_2227,217
RES_2228,504
RES_2229,63
RES_2230,540
RES_2231,680
RES_2232,1117
RES_2233,1789
RES_2234,485
RES_2235,798
RES_2236,1563
RES_2237,917
RES_2238,319
RES_2239,726
RES_2240,112
RES_2241,1642
RES_2242,503
RES_2243,814
RES_2244,32
RES_2245,70
RES_2246,261
RES_2247,615
RES_2248,1399
RES_2249,207
RES_2250,371
RES_2251,249
RES_2252,473
RES_2253,189
RES_2254,383
RES_2255,358
RES_2256,188
RES_2257,256
RES_2258,1322
RES_2259,149
RES_2260,172
RES_2261,327
RES_2262,743
RES_2263,117
RES_2264,1778
RES_2265,688
RES_2266,206
RES_2267,648
RES_2268,204
RES_2269,1724
RES_2270,145
RES_2271,491
RES_2272,747
RES_2273,572
RES_2274,1722
RES_2275,352
RES_2276,338
RES_2277,1326
RES_2278,1854
RES_2279,624
RES_2280,295
RES_2281,310
RES_2282,2368
RES_2283,183
RES_2284,295
RES_2285,264
RES_2286,844
RES_2287,450
RES_2288,517
RES_2289,572
RES_2290,655
RES_2291,711
RES_2292,507
RES_2293,156
RES_2294,1470
RES_2295,188
RES_2296,1186
RES_2297,234
RES_2298,2447
RES_2299,763
RES_2300,2034
RES_2301,123
RES_2302,240
RES_2303,1322
RES_2304,628
RES_2305,1256
RES_2306,979
RES_2307,241
RES_2308,620
RES_2309,386
RES_2310,178
RES_2311,172
RES_2312,517
RES_2313,256
RES_2314,1191
RES_2315,486
RES_2316,565
RES_2317,1471
RES_2318,1806
RES_2319,172
RES_2320,289
RES_2321,147
RES_2322,143
RES_2323,232
RES_2324,432
RES_2325,2104
RES_2326,310
RES_2327,142
RES_2328,1584
RES_2329,916
RES_2330,228
RES_2331,72
RES_2332,707
RES_2333,186
RES_2334,220
RES_2335,661
RES_2336,474
RES_2337,1130
RES_2338,2566
RES_2339,256
RES_2340,280
RES_2341,914
RES_2342,389
RES_2343,97
RES_2344,172
RES_2345,86
RES_2346,149
RES_2347,1171
RES_2348,215
RES_2349,70
RES_2350,176
RES_2351,2206
RES_2352,1262
RES_2353,1486
RES_2354,1293
RES_2355,727
RES_2356,798
RES_2357,593
RES_2358,941
RES_2359,1460
RES_2360,257
RES_2361,331
RES_2362,1758
RES_2363,371
RES_2364,2463
RES_2365,284
RES_2366,280
RES_2367,192
RES_2368,390
RES_2369,178
RES_2370,937
RES_2371,57
RES_2372,272
RES_2373,217
RES_2374,1114
RES_2375,2446
RES_2376,1108
RES_2377,422
RES_2378,799
RES_2379,232
RES_2380,508
RES_2381,232
RES_2382,1314
RES_2383,1643
RES_2384,764
RES_2385,113
RES_2386,180
RES_2387,55
RES_2388,1911
RES_2389,249
RES_2390,1151
RES_2391,166
RES_2392,178
RES_2393,255
RES_2394,993
RES_2395,295
RES_2396,1449
RES_2397,886
RES_2398,200
RES_2399,313
RES_2400,423
RES_2401,410
RES_2402,483
RES_2403,602
RES_2404,1501
RES_2405,1071
RES_2406,614
RES_2407,1568
RES_2408,1448
RES_2409,1172
RES_2410,283
RES_2411,340
RES_2412,156
RES_2413,67
RES_2414,133
RES_2415,81
RES_2416,895
RES_2417,317
RES_2418,791
RES_2419,673
RES_2420,1352
RES_2421,723
RES_2422,274
RES_2423,29
RES_2424,1187
RES_2425,1084
RES_2426,751
RES_2427,949
RES_2428,232
RES_2429,751
RES_2430,1194
RES_2431,667
RES_2432,1503
RES_2433,745
RES_2434,344
RES_2435,730
RES_2436,80
RES_2437,358
RES_2438,154
RES_2439,211
RES_2440,67
RES_2441,324
RES_2442,194
RES_2443,477
RES_2444,306
RES_2445,132
RES_2446,541
RES_2447,135
RES_2448,725
RES_2449,353
RES_2450,1249
RES_2451,211
RES_2452,210
RES_2453,2
RES_2454,59
RES_2455,61
RES_2456,78
RES_2457,4
RES_2458,59
RES_2459,1
RES_2460,0
RES_2461,195
RES_2462,129
RES_2463,69
RES_2464,42
RES_2465,239
RES_2466,1030
RES_2467,189
RES_2468,894
RES_2469,569
RES_2470,113
RES_2471,347
RES_2472,300
RES_2473,25
RES_2474,450
RES_2475,1227
RES_2476,610
RES_2477,837
RES_2478,783
RES_2479,204
RES_2480,189
RES_2481,528
RES_2482,58
RES_2483,19
RES_2484,22
RES_2485,51
RES_2486,109
RES_2487,114
RES_2488,666
RES_2489,449
RES_2490,780
RES_2491,1164
RES_2492,102
RES_2493,897
RES_2494,791
RES_2495,549
RES_2496,42
RES_2497,4
RES_2498,10
RES_2499,19
RES_2500,137
RES_2501,80
RES_2502,48
RES_2503,46
RES_2504,74
RES_2505,11
RES_2506,35
RES_2507,976
RES_2508,719
RES_2509,299
RES_2510,496
RES_2511,1484
RES_2512,1294
RES_2513,243
RES_2514,146
RES_2515,652
RES_2516,894
RES_2517,428
RES_2518,212
RES_2519,2664
RES_2520,1131
RES_2521,771
RES_2522,235
RES_2523,137
RES_2524,218
RES_2525,139
RES_2526,233
RES_2527,335
RES_2528,104
RES_2529,190
RES_2530,906
RES_2531,698
RES_2532,456
RES_2533,138
RES_2534,856
RES_2535,275
RES_2536,947
RES_2537,399
RES_2538,249
RES_2539,1894
RES_2540,1124
RES_2541,1323
RES_2542,190
RES_2543,347
RES_2544,727
RES_2545,261
RES_2546,76
RES_2547,163
RES_2548,215
RES_2549,106
RES_2550,983
RES_2551,283
RES_2552,870
RES_2553,1259
RES_2554,241
RES_2555,261
RES_2556,532
RES_2557,319
RES_2558,220
RES_2559,466
RES_2560,501
RES_2561,311
RES_2562,893
RES_2563,632
RES_2564,235
RES_2565,115
RES_2566,135
RES_2567,73
RES_2568,63
RES_2569,141
RES_2570,355
RES_2571,798
RES_2572,373
RES_2573,40
RES_2574,204
RES_2575,313
RES_2576,314
RES_2577,64
RES_2578,115
RES_2579,57
RES_2580,27
RES_2581,367
RES_2582,415
RES_2583,2
RES_2584,116
RES_2585,224
RES_2586,466
RES_2587,726
RES_2588,1195
RES_2589,23
RES_2590,75
RES_2591,386
RES_2592,513
RES_2593,508
RES_2594,799
RES_2595,372
RES_2596,1055
RES_2597,414
RES_2598,435
RES_2599,145
RES_2600,160
RES_2601,183
RES_2602,129
RES_2603,690
RES_2604,149
RES_2605,1143
RES_2606,1215
RES_2607,1509
RES_2608,163
RES_2609,350
RES_2610,973
RES_2611,498
RES_2612,832
RES_2613,235
RES_2614,725
RES_2615,1205
RES_2616,261
RES_2617,179
RES_2618,238
RES_2619,63
RES_2620,87
RES_2621,38
RES_2622,211
RES_2623,238
RES_2624,604
RES_2625,1190
RES_2626,1887
RES_2627,251
RES_2628,404
RES_2629,350
RES_2630,1660
RES_2631,1121
RES_2632,373
RES_2633,204
RES_2634,21
RES_2635,42
RES_2636,239
RES_2637,130
RES_2638,268
RES_2639,332
RES_2640,299
RES_2641,450
RES_2642,160
RES_2643,110
RES_2644,218
RES_2645,50
RES_2646,188
RES_2647,204
RES_2648,69
RES_2649,45
RES_2650,268
RES_2651,233
RES_2652,341
RES_2653,434
RES_2654,165
RES_2655,90
RES_2656,275
RES_2657,77
RES_2658,50
RES_2659,450
RES_2660,123
RES_2661,93
RES_2662,8
RES_2663,84
RES_2664,172
RES_2665,237
RES_2666,6
RES_2667,34
RES_2668,4
RES_2669,69
RES_2670,292
RES_2671,1438
RES_2672,404
RES_2673,279
RES_2674,1004
RES_2675,1022
RES_2676,19
RES_2677,152
RES_2678,725
RES_2679,293
RES_2680,1043
RES_2681,113
RES_2682,69
RES_2683,133
RES_2684,922
RES_2685,429
RES_2686,88
RES_2687,164
RES_2688,394
RES_2689,799
RES_2690,1201
RES_2691,352
RES_2692,426
RES_2693,107
RES_2694,200
RES_2695,206
RES_2696,310
RES_2697,1148
RES_2698,530
RES_2699,828
RES_2700,90
RES_2701,118
RES_2702,232
RES_2703,131
RES_2704,50
RES_2705,597
RES_2706,424
RES_2707,562
RES_2708,815
RES_2709,135
RES_2710,239
RES_2711,25
RES_2712,81
RES_2713,109
RES_2714,62
RES_2715,27
RES_2716,29
RES_2717,283
RES_2718,124
RES_2719,23
RES_2720,42
RES_2721,182
RES_2722,264
RES_2723,178
RES_2724,16
RES_2725,63
RES_2726,81
RES_2727,129
RES_2728,63
RES_2729,327
RES_2730,38
RES_2731,57
RES_2732,93
RES_2733,34
RES_2734,35
RES_2735,26
RES_2736,73
RES_2737,28
RES_2738,15
RES_2739,56
RES_2740,12
RES_2741,63
RES_2742,28
RES_2743,73
RES_2744,6
RES_2745,169
RES_2746,86
RES_2747,35
RES_2748,109
RES_2749,65
RES_2750,147
RES_2751,484
RES_2752,237
RES_2753,204
RES_2754,68
RES_2755,95
RES_2756,33
RES_2757,23
RES_2758,11
RES_2759,23
RES_2760,51
RES_2761,42
RES_2762,39
RES_2763,21
RES_2764,61
RES_2765,7
RES_2766,10
RES_2767,353
RES_2768,33
RES_2769,29
RES_2770,381
RES_2771,368
RES_2772,531
RES_2773,855
RES_2774,40
RES_2775,1337
RES_2776,95
RES_2777,95
RES_2778,705
RES_2779,718
RES_2780,131
RES_2781,436
RES_2782,2241
RES_2783,545
RES_2784,262
RES_2785,699
RES_2786,453
RES_2787,87
RES_2788,1223
RES_2789,545
RES_2790,29
RES_2791,92
RES_2792,1
RES_2793,87
RES_2794,705
RES_2795,4
RES_2796,167
RES_2797,61
RES_2798,2
RES_2799,1
RES_2800,70
RES_2801,97
RES_2802,231
RES_2803,155
RES_2804,165
RES_2805,205
RES_2806,195
RES_2807,174
RES_2808,223
RES_2809,0
RES_2810,0
RES_2811,2
RES_2812,64
RES_2813,307
RES_2814,6
RES_2815,2
RES_2816,8
RES_2817,213
RES_2818,4
RES_2819,48
RES_2820,20
RES_2821,29
RES_2822,13
RES_2823,116
RES_2824,18
RES_2825,3
RES_2826,37
RES_2827,43
RES_2828,18
RES_2829,36
RES_2830,51
RES_2831,4
RES_2832,22
RES_2833,8
RES_2834,17
RES_2835,1
RES_2836,78
RES_2837,33
RES_2838,35
RES_2839,76
RES_2840,15
RES_2841,17
RES_2842,240
RES_2843,769
RES_2844,1828
RES_2845,897
RES_2846,782
RES_2847,542
RES_2848,1396
RES_2849,1234
RES_2850,1822
RES_2851,177
RES_2852,338
RES_2853,110
RES_2854,856
RES_2855,293
RES_2856,1172
RES_2857,473
RES_2858,799
RES_2859,228
RES_2860,441
RES_2861,326
RES_2862,137
RES_2863,409
RES_2864,514
RES_2865,180
RES_2866,379
RES_2867,715
RES_2868,247
RES_2869,44
RES_2870,122
RES_2871,281
RES_2872,30
RES_2873,297
RES_2874,168
RES_2875,931
RES_2876,341
RES_2877,80
RES_2878,229
RES_2879,471
RES_2880,407
RES_2881,248
RES_2882,23
RES_2883,42
RES_2884,73
RES_2885,176
RES_2886,182
RES_2887,169
RES_2888,173
RES_2889,36
RES_2890,453
RES_2891,162
RES_2892,196
RES_2893,294
RES_2894,417
RES_2895,420
RES_2896,589
RES_2897,386
RES_2898,12
RES_2899,192
RES_2900,113
RES_2901,60
RES_2902,1
RES_2903,3
RES_2904,18
RES_2905,164
RES_2906,308
RES_2907,132
RES_2908,143
RES_2909,121
RES_2910,560
RES_2911,770
RES_2912,1868
RES_2913,1362
RES_2914,235
RES_2915,141
RES_2916,234
RES_2917,2102
RES_2918,1282
RES_2919,1313
RES_2920,1386
RES_2921,217
RES_2922,1432
RES_2923,1685
RES_2924,2225
RES_2925,637
RES_2926,758
RES_2927,428
RES_2928,94
RES_2929,1065
RES_2930,722
RES_2931,303
RES_2932,1464
RES_2933,1100
RES_2934,989
RES_2935,727
RES_2936,175
RES_2937,471
RES_2938,87
RES_2939,80
RES_2940,24
RES_2941,0
RES_2942,0
RES_2943,0
RES_2944,1600
RES_2945,698
RES_2946,2097
RES_2947,3877
RES_2948,578
RES_2949,418
RES_2950,96
RES_2951,79
RES_2952,138
RES_2953,35
RES_2954,563
RES_2955,1703
RES_2956,636
RES_2957,714
RES_2958,945
RES_2959,238
RES_2960,248
RES_2961,2650
RES_2962,476
RES_2963,338
RES_2964,130
RES_2965,113
RES_2966,96
RES_2967,362
RES_2968,365
RES_2969,266
RES_2970,628
RES_2971,135
RES_2972,160
RES_2973,214
RES_2974,122
RES_2975,310
RES_2976,360
RES_2977,384
RES_2978,146
RES_2979,304
RES_2980,412
RES_2981,160
RES_2982,2522
RES_2983,612
RES_2984,423
RES_2985,435
RES_2986,411
RES_2987,296
RES_2988,757
RES_2989,433
RES_2990,270
RES_2991,363
RES_2992,1709
RES_2993,125
RES_2994,2036
RES_2995,312
RES_2996,136
RES_2997,634
RES_2998,116
RES_2999,817
RES_3000,2889
RES_3001,2764
RES_3002,1872
RES_3003,2120
RES_3004,169
RES_3005,539
RES_3006,437
RES_3007,654
RES_3008,195
RES_3009,429
RES_3010,245
RES_3011,141
RES_3012,82
RES_3013,166
RES_3014,173
RES_3015,401
RES_3016,823
RES_3017,146
RES_3018,62
RES_3019,399
RES_3020,205
RES_3021,1478
RES_3022,467
RES_3023,1405
RES_3024,238
RES_3025,2235
RES_3026,726
RES_3027,490
RES_3028,116
RES_3029,4433
RES_3030,6213
RES_3031,5947
RES_3032,1421
RES_3033,1156
RES_3034,0
RES_3035,718
RES_3036,454
RES_3037,586
RES_3038,2051
RES_3039,186
RES_3040,3560
RES_3041,681
RES_3042,1517
RES_3043,4694
RES_3044,572
RES_3045,3096
RES_3046,228
RES_3047,554
RES_3048,163
RES_3049,1364
RES_3050,4999
RES_3051,303
RES_3052,604
RES_3053,182
RES_3054,1327
RES_3055,29
RES_3056,822
RES_3057,378
RES_3058,278
RES_3059,327
RES_3060,520
RES_3061,51
RES_3062,1007
RES_3063,4608
RES_3064,844
RES_3065,571
RES_3066,6534
RES_3067,7957
RES_3068,560
RES_3069,117
RES_3070,3608
RES_3071,195
RES_3072,1685
RES_3073,273
RES_3074,289
RES_3075,315
RES_3076,1701
RES_3077,75
RES_3078,650
RES_3079,1069
RES_3080,177
RES_3081,94
RES_3082,1473
RES_3083,2561
RES_3084,616
RES_3085,109
RES_3086,95
RES_3087,3169
RES_3088,120
RES_3089,875
RES_3090,407
RES_3091,182
RES_3092,6341
RES_3093,6822
RES_3094,3257
RES_3095,1444
RES_3096,105
RES_3097,2422
RES_3098,10376
RES_3099,921
RES_3100,3116
RES_3101,5720
RES_3102,93
RES_3103,361
RES_3104,307
RES_3105,1047
RES_3106,367
RES_3107,1485
RES_3108,2989
RES_3109,283
RES_3110,594
RES_3111,3890
RES_3112,5310
RES_3113,216
RES_3114,1985
RES_3115,1271
RES_3116,233
RES_3117,2591
RES_3118,81
RES_3119,5473
RES_3120,539
RES_3121,3866
RES_3122,118
RES_3123,120
RES_3124,662
RES_3125,156
RES_3126,306
RES_3127,239
RES_3128,791
RES_3129,159
RES_3130,942
RES_3131,1293
RES_3132,1246
RES_3133,499
RES_3134,47
RES_3135,471
RES_3136,107
RES_3137,1245
RES_3138,157
RES_3139,1740
RES_3140,975
RES_3141,197
RES_3142,489
RES_3143,193
RES_3144,219
RES_3145,572
RES_3146,201
RES_3147,1840
RES_3148,1548
RES_3149,878
RES_3150,168
RES_3151,1046
RES_3152,98
RES_3153,250
RES_3154,939
RES_3155,3392
RES_3156,268
RES_3157,316
RES_3158,26
RES_3159,530
RES_3160,181
RES_3161,228
RES_3162,669
RES_3163,1031
RES_3164,210
RES_3165,279
RES_3166,158
RES_3167,208
RES_3168,945
RES_3169,1431
RES_3170,392
RES_3171,1124
RES_3172,1051
RES_3173,117
RES_3174,98
RES_3175,1682
RES_3176,850
RES_3177,741
RES_3178,101
RES_3179,547
RES_3180,10
RES_3181,266
RES_3182,1378
RES_3183,526
RES_3184,411
RES_3185,991
RES_3186,617
RES_3187,1856
RES_3188,931
RES_3189,1168
RES_3190,157
RES_3191,787
RES_3192,336
RES_3193,217
RES_3194,1066
RES_3195,730
RES_3196,1306
RES_3197,727
RES_3198,603
RES_3199,1445
RES_3200,63
RES_3201,78
RES_3202,94
RES_3203,823
RES_3204,320
RES_3205,252
RES_3206,64
RES_3207,1246
RES_3208,299
RES_3209,38
RES_3210,103
RES_3211,1100
RES_3212,478
RES_3213,1210
RES_3214,160
RES_3215,579
RES_3216,909
RES_3217,1553
RES_3218,3367
RES_3219,563
RES_3220,5851
RES_3221,3387
RES_3222,2580
RES_3223,4877
RES_3224,2416
RES_3225,6043
RES_3226,3014
RES_3227,3276
RES_3228,5782
RES_3229,158
RES_3230,401
RES_3231,86
RES_3232,2194
RES_3233,711
RES_3234,251
RES_3235,12
RES_3236,149
RES_3237,87
RES_3238,264
RES_3239,254
RES_3240,443
RES_3241,136
RES_3242,990
RES_3243,625
RES_3244,464
RES_3245,777
RES_3246,612
RES_3247,37
RES_3248,167
RES_3249,255
RES_3250,129
RES_3251,58
RES_3252,33
RES_3253,6
RES_3254,22
RES_3255,137
RES_3256,657
RES_3257,291
RES_3258,2
RES_3259,59
RES_3260,89
RES_3261,419
RES_3262,693
RES_3263,77
RES_3264,380
RES_3265,2746
RES_3266,1144
RES_3267,1363
RES_3268,1400
RES_3269,1577
RES_3270,91
RES_3271,598
RES_3272,3139
RES_3273,925
RES_3274,2364
RES_3275,3247
RES_3276,1170
RES_3277,5200
RES_3278,3286
RES_3279,139
RES_3280,757
RES_3281,149
RES_3282,312
RES_3283,854
RES_3284,430
RES_3285,195
RES_3286,2147
RES_3287,526
RES_3288,1712
RES_3289,89
RES_3290,5047
RES_3291,867
RES_3292,1447
RES_3293,236
RES_3294,1470
RES_3295,49
RES_3296,172
RES_3297,317
RES_3298,683
RES_3299,575
RES_3300,35
RES_3301,226
RES_3302,2515
RES_3303,2775
RES_3304,3209
RES_3305,1416
RES_3306,197
RES_3307,42
RES_3308,63
RES_3309,388
RES_3310,368
RES_3311,303
RES_3312,407
RES_3313,218
RES_3314,217
RES_3315,2392
RES_3316,359
RES_3317,1851
RES_3318,161
RES_3319,1803
RES_3320,615
RES_3321,656
RES_3322,368
RES_3323,207
RES_3324,1130
RES_3325,787
RES_3326,214
RES_3327,1032
RES_3328,142
RES_3329,117
RES_3330,209
RES_3331,726
RES_3332,2464
RES_3333,762
RES_3334,1022
RES_3335,559
RES_3336,320
RES_3337,478
RES_3338,1301
RES_3339,1304
RES_3340,81
RES_3341,926
RES_3342,3304
RES_3343,1487
RES_3344,64
RES_3345,1271
RES_3346,1075
RES_3347,69
RES_3348,607
RES_3349,78
RES_3350,99
RES_3351,986
RES_3352,58
RES_3353,112
RES_3354,98
RES_3355,183
RES_3356,189
RES_3357,1145
RES_3358,2663
RES_3359,3193
RES_3360,2105
RES_3361,3575
RES_3362,1394
RES_3363,713
RES_3364,937
RES_3365,483
RES_3366,965
RES_3367,124
RES_3368,376
RES_3369,662
RES_3370,608
RES_3371,716
RES_3372,2229
RES_3373,720
RES_3374,1331
RES_3375,2209
RES_3376,657
RES_3377,94
RES_3378,4537
RES_3379,1300
RES_3380,783
RES_3381,165
RES_3382,613
RES_3383,463
RES_3384,120
RES_3385,1029
RES_3386,60
RES_3387,416
RES_3388,144
RES_3389,236
RES_3390,2360
RES_3391,3074
RES_3392,24
RES_3393,435
RES_3394,1457
RES_3395,584
RES_3396,1404
RES_3397,2692
RES_3398,1162
RES_3399,1443
RES_3400,1579
RES_3401,522
RES_3402,178
RES_3403,1460
RES_3404,5
RES_3405,367
RES_3406,226
RES_3407,75
RES_3408,477
RES_3409,355
RES_3410,140
RES_3411,152
RES_3412,457
RES_3413,594
RES_3414,1723
RES_3415,465
RES_3416,2872
RES_3417,404
RES_3418,3109
RES_3419,629
RES_3420,1788
RES_3421,1253
RES_3422,1012
RES_3423,628
RES_3424,507
RES_3425,466
RES_3426,181
RES_3427,134
RES_3428,315
RES_3429,522
RES_3430,492
RES_3431,368
RES_3432,983
RES_3433,325
RES_3434,2706
RES_3435,136
RES_3436,1640
RES_3437,2169
RES_3438,644
RES_3439,2269
RES_3440,201
RES_3441,236
RES_3442,82
RES_3443,55
RES_3444,131
RES_3445,685
RES_3446,234
RES_3447,73
RES_3448,115
RES_3449,132
RES_3450,190
RES_3451,216
RES_3452,2171
RES_3453,598
RES_3454,120
RES_3455,1731
RES_3456,899
RES_3457,128
RES_3458,291
RES_3459,3136
RES_3460,145
RES_3461,195
RES_3462,455
RES_3463,948
RES_3464,2918
RES_3465,798
RES_3466,574
RES_3467,2368
RES_3468,496
RES_3469,712
RES_3470,511
RES_3471,1293
RES_3472,621
RES_3473,197
RES_3474,1761
RES_3475,1911
RES_3476,799
RES_3477,705
RES_3478,2462
RES_3479,952
RES_3480,323
RES_3481,627
RES_3482,115
RES_3483,36
RES_3484,299
RES_3485,74
RES_3486,1700
RES_3487,161
RES_3488,87
RES_3489,225
RES_3490,51
RES_3491,1399
RES_3492,2652
RES_3493,1846
RES_3494,2148
RES_3495,1837
RES_3496,519
RES_3497,482
RES_3498,860
RES_3499,407
RES_3500,387
RES_3501,235
RES_3502,619
RES_3503,4375
RES_3504,1854
RES_3505,543
RES_3506,2421
RES_3507,1289
RES_3508,2278
RES_3509,240
RES_3510,257
RES_3511,405
RES_3512,548
RES_3513,420
RES_3514,190
RES_3515,200
RES_3516,407
RES_3517,95
RES_3518,230
RES_3519,495
RES_3520,2258
RES_3521,3375
RES_3522,698
RES_3523,231
RES_3524,861
RES_3525,29
RES_3526,178
RES_3527,500
RES_3528,813
RES_3529,213
RES_3530,629
RES_3531,127
RES_3532,571
RES_3533,252
RES_3534,1017
RES_3535,1125
RES_3536,507
RES_3537,4072
RES_3538,318
RES_3539,2962
RES_3540,2676
RES_3541,659
RES_3542,1545
RES_3543,94
RES_3544,3133
RES_3545,2154
RES_3546,1674
RES_3547,1732
RES_3548,3396
RES_3549,2092
RES_3550,2221
RES_3551,4420
RES_3552,453
RES_3553,183
RES_3554,1852
RES_3555,94
RES_3556,75
RES_3557,315
RES_3558,137
RES_3559,1895
RES_3560,679
RES_3561,1063
RES_3562,2764
RES_3563,2462
RES_3564,1044
RES_3565,897
RES_3566,1486
RES_3567,1523
RES_3568,197
RES_3569,588
RES_3570,264
RES_3571,998
RES_3572,192
RES_3573,70
RES_3574,354
RES_3575,1311
RES_3576,33
RES_3577,856
RES_3578,272
RES_3579,69
RES_3580,166
RES_3581,335
RES_3582,698
RES_3583,1860
RES_3584,1199
RES_3585,262
RES_3586,159
RES_3587,89
RES_3588,152
RES_3589,255
RES_3590,731
RES_3591,3044
RES_3592,2100
RES_3593,1364
RES_3594,683
RES_3595,1936
RES_3596,2017
RES_3597,437
RES_3598,291
RES_3599,335
RES_3600,449
RES_3601,230
RES_3602,144
RES_3603,129
RES_3604,46
RES_3605,136
RES_3606,352
RES_3607,173
RES_3608,338
RES_3609,1363
RES_3610,1261
RES_3611,563
RES_3612,500
RES_3613,470
RES_3614,2523
RES_3615,3165
RES_3616,331
RES_3617,583
RES_3618,467
RES_3619,278
RES_3620,734
RES_3621,597
RES_3622,2060
RES_3623,2089
RES_3624,284
RES_3625,518
RES_3626,210
RES_3627,998
RES_3628,2249
RES_3629,294
RES_3630,1665
RES_3631,287
RES_3632,917
RES_3633,183
RES_3634,1602
RES_3635,274
RES_3636,3167
RES_3637,2277
RES_3638,742
RES_3639,2020
RES_3640,568
RES_3641,295
RES_3642,1270
RES_3643,479
RES_3644,392
RES_3645,1113
RES_3646,205
RES_3647,1085
RES_3648,708
RES_3649,1840
RES_3650,2273
RES_3651,2562
RES_3652,1286
RES_3653,4506
RES_3654,283
RES_3655,1156
RES_3656,2631
RES_3657,3622
RES_3658,1728
RES_3659,3297
RES_3660,1589
RES_3661,348
RES_3662,931
RES_3663,81
RES_3664,55
RES_3665,78
RES_3666,296
RES_3667,223
RES_3668,179
RES_3669,606
RES_3670,123
RES_3671,730
RES_3672,1997
RES_3673,987
RES_3674,1457
RES_3675,685
RES_3676,569
RES_3677,108
RES_3678,327
RES_3679,2012
RES_3680,1692
RES_3681,23
RES_3682,401
RES_3683,942
RES_3684,63
RES_3685,1242
RES_3686,165
RES_3687,91
RES_3688,208
RES_3689,223
RES_3690,582
RES_3691,662
RES_3692,560
RES_3693,2510
RES_3694,1869
RES_3695,160
RES_3696,397
RES_3697,1678
RES_3698,844
RES_3699,315
RES_3700,124
RES_3701,22
RES_3702,637
RES_3703,646
RES_3704,1822
RES_3705,1664
RES_3706,43
RES_3707,568
RES_3708,330
RES_3709,834
RES_3710,620
RES_3711,36
RES_3712,604
RES_3713,111
RES_3714,45
RES_3715,1063
RES_3716,1674
RES_3717,815
RES_3718,1762
RES_3719,909
RES_3720,1472
RES_3721,1024
RES_3722,59
RES_3723,193
RES_3724,29
RES_3725,209
RES_3726,56
RES_3727,274
RES_3728,323
RES_3729,179
RES_3730,362
RES_3731,592
RES_3732,164
RES_3733,711
RES_3734,2835
RES_3735,835
RES_3736,335
RES_3737,1596
RES_3738,2047
RES_3739,1384
RES_3740,632
RES_3741,122
RES_3742,829
RES_3743,735
RES_3744,52
RES_3745,149
RES_3746,528
RES_3747,349
RES_3748,1018
RES_3749,25
RES_3750,356
RES_3751,60
RES_3752,58
RES_3753,592
RES_3754,1820
RES_3755,1421
RES_3756,71
RES_3757,325
RES_3758,88
RES_3759,348
RES_3760,563
RES_3761,2202
RES_3762,574
RES_3763,640
RES_3764,65
RES_3765,31
RES_3766,87
RES_3767,1889
RES_3768,2384
RES_3769,880
RES_3770,2661
RES_3771,3116
RES_3772,1153
RES_3773,484
RES_3774,591
RES_3775,446
RES_3776,222
RES_3777,177
RES_3778,1693
RES_3779,1575
RES_3780,620
RES_3781,729
RES_3782,575
RES_3783,544
RES_3784,400
RES_3785,117
RES_3786,571
RES_3787,192
RES_3788,922
RES_3789,375
RES_3790,641
RES_3791,3138
RES_3792,2810
RES_3793,1589
RES_3794,1354
RES_3795,122
RES_3796,213
RES_3797,45
RES_3798,40
RES_3799,1185
RES_3800,2604
RES_3801,698
RES_3802,209
RES_3803,1197
RES_3804,2497
RES_3805,2590
RES_3806,1865
RES_3807,158
RES_3808,730
RES_3809,79
RES_3810,100
RES_3811,31
RES_3812,10
RES_3813,124
RES_3814,79
RES_3815,527
RES_3816,2426
RES_3817,1119
RES_3818,1445
RES_3819,166
RES_3820,193
RES_3821,425
RES_3822,1508
RES_3823,2904
RES_3824,821
RES_3825,474
RES_3826,22
RES_3827,204
RES_3828,260
RES_3829,65
RES_3830,43
RES_3831,298
RES_3832,114
RES_3833,945
RES_3834,124
RES_3835,762
RES_3836,588
RES_3837,240
RES_3838,281
RES_3839,274
RES_3840,20
RES_3841,230
RES_3842,681
RES_3843,240
RES_3844,1348
RES_3845,130
RES_3846,79
RES_3847,165
RES_3848,3340
RES_3849,2211
RES_3850,412
RES_3851,1515
RES_3852,28
RES_3853,34
RES_3854,494
RES_3855,994
RES_3856,3666
RES_3857,1461
RES_3858,211
RES_3859,390
RES_3860,253
RES_3861,1001
RES_3862,564
RES_3863,4863
RES_3864,2392
RES_3865,222
RES_3866,2831
RES_3867,93
RES_3868,324
RES_3869,1365
RES_3870,300
RES_3871,315
RES_3872,318
RES_3873,375
RES_3874,922
RES_3875,1
RES_3876,962
RES_3877,1409
RES_3878,1247
RES_3879,1188
RES_3880,298
RES_3881,399
RES_3882,2510
RES_3883,3039
RES_3884,440
RES_3885,193
RES_3886,399
RES_3887,111
RES_3888,1574
RES_3889,100
RES_3890,359
RES_3891,71
RES_3892,24
RES_3893,165
RES_3894,137
RES_3895,5
RES_3896,26
RES_3897,45
RES_3898,4313
RES_3899,303
RES_3900,169
RES_3901,1279
RES_3902,598
RES_3903,1454
RES_3904,145
RES_3905,103
RES_3906,56
RES_3907,96
RES_3908,610
RES_3909,1759
RES_3910,181
RES_3911,253
RES_3912,371
RES_3913,56
RES_3914,53
RES_3915,888
RES_3916,35
RES_3917,307
RES_3918,106
RES_3919,305
RES_3920,2311
RES_3921,946
RES_3922,202
RES_3923,83
RES_3924,96
RES_3925,6829
RES_3926,10468
RES_3927,3342
RES_3928,471
RES_3929,1022
RES_3930,261
RES_3931,173
RES_3932,289
RES_3933,335
RES_3934,404
RES_3935,360
RES_3936,551
RES_3937,201
RES_3938,31
RES_3939,259
RES_3940,368
RES_3941,49
RES_3942,128
RES_3943,1297
RES_3944,439
RES_3945,149
RES_3946,2214
RES_3947,2
RES_3948,2101
RES_3949,2227
RES_3950,494
RES_3951,742
RES_3952,961
RES_3953,1948
RES_3954,585
RES_3955,272
RES_3956,993
RES_3957,179
RES_3958,281
RES_3959,816
RES_3960,2002
RES_3961,957
RES_3962,887
RES_3963,510
RES_3964,130
RES_3965,498
RES_3966,2364
RES_3967,706
RES_3968,276
RES_3969,239
RES_3970,4244
RES_3971,908
RES_3972,1177
RES_3973,4190
RES_3974,193
RES_3975,71
RES_3976,105
RES_3977,84
RES_3978,60
RES_3979,5
RES_3980,62
RES_3981,132
RES_3982,540
RES_3983,12
RES_3984,1579
RES_3985,1678
RES_3986,360
RES_3987,1310
RES_3988,2077
RES_3989,2267
RES_3990,643
RES_3991,70
RES_3992,99
RES_3993,230
RES_3994,179
RES_3995,242
RES_3996,479
RES_3997,627
RES_3998,1109
RES_3999,1407
RES_4000,2387
RES_4001,1366
RES_4002,1551
RES_4003,196
RES_4004,919
RES_4005,2464
RES_4006,2486
RES_4007,803
RES_4008,268
RES_4009,117
RES_4010,3951
RES_4011,5576
RES_4012,670
RES_4013,323
RES_4014,1961
RES_4015,258
RES_4016,146
RES_4017,269
RES_4018,141
RES_4019,317
RES_4020,201
RES_4021,74
RES_4022,116
RES_4023,207
RES_4024,66
RES_4025,727
RES_4026,1434
RES_4027,174
RES_4028,1437
RES_4029,2354
RES_4030,2539
RES_4031,613
RES_4032,1983
RES_4033,2757
RES_4034,136
RES_4035,493
RES_4036,188
RES_4037,330
RES_4038,154
RES_4039,237
RES_4040,5
RES_4041,913
RES_4042,315
RES_4043,644
RES_4044,1263
RES_4045,78
RES_4046,440
RES_4047,1514
RES_4048,308
RES_4049,2432
RES_4050,2861
RES_4051,2868
RES_4052,423
RES_4053,994
RES_4054,3060
RES_4055,1541
RES_4056,1594
RES_4057,132
RES_4058,848
RES_4059,1500
RES_4060,2949
RES_4061,2144
RES_4062,163
RES_4063,1925
RES_4064,3613
RES_4065,2717
RES_4066,1445
RES_4067,161
RES_4068,622
RES_4069,391
RES_4070,197
RES_4071,308
RES_4072,30
RES_4073,43
RES_4074,109
RES_4075,344
RES_4076,185
RES_4077,151
RES_4078,445
RES_4079,25
RES_4080,158
RES_4081,194
RES_4082,183
RES_4083,124
RES_4084,79
RES_4085,388
RES_4086,17
RES_4087,1002
RES_4088,222
RES_4089,1307
RES_4090,283
RES_4091,320
RES_4092,988
RES_4093,1558
RES_4094,384
RES_4095,416
RES_4096,2135
RES_4097,709
RES_4098,809
RES_4099,246
RES_4100,465
RES_4101,388
RES_4102,144
RES_4103,60
RES_4104,1022
RES_4105,217
RES_4106,205
RES_4107,284
RES_4108,222
RES_4109,58
RES_4110,949
RES_4111,80
RES_4112,943
RES_4113,2309
RES_4114,1852
RES_4115,2137
RES_4116,3219
RES_4117,1758
RES_4118,998
RES_4119,762
RES_4120,1701
RES_4121,692
RES_4122,683
RES_4123,407
RES_4124,219
RES_4125,365
RES_4126,966
RES_4127,1364
RES_4128,302
RES_4129,339
RES_4130,347
RES_4131,302
RES_4132,113
RES_4133,434
RES_4134,441
RES_4135,1308
RES_4136,295
RES_4137,225
RES_4138,260
RES_4139,372
RES_4140,1819
RES_4141,856
RES_4142,1501
RES_4143,2555
RES_4144,846
RES_4145,962
RES_4146,1902
RES_4147,579
RES_4148,297
RES_4149,737
RES_4150,177
RES_4151,277
RES_4152,228
RES_4153,32
RES_4154,161
RES_4155,571
RES_4156,500
RES_4157,811
RES_4158,1445
RES_4159,391
RES_4160,193
RES_4161,851
RES_4162,1366
RES_4163,287
RES_4164,29
RES_4165,246
RES_4166,461
RES_4167,303
RES_4168,1122
RES_4169,144
RES_4170,250
RES_4171,231
RES_4172,389
RES_4173,262
RES_4174,277
RES_4175,217
RES_4176,1391
RES_4177,607
RES_4178,268
RES_4179,741
RES_4180,598
RES_4181,27
RES_4182,727
RES_4183,325
RES_4184,738
RES_4185,156
RES_4186,535
RES_4187,352
RES_4188,435
RES_4189,2782
RES_4190,1384
RES_4191,34
RES_4192,878
RES_4193,274
RES_4194,596
RES_4195,152
RES_4196,716
RES_4197,246
RES_4198,332
RES_4199,1448
RES_4200,2722
RES_4201,747
RES_4202,518
RES_4203,2458
RES_4204,2241
RES_4205,1412
RES_4206,4572
RES_4207,2783
RES_4208,1324
RES_4209,1955
RES_4210,1920
RES_4211,233
RES_4212,12
RES_4213,2161
RES_4214,5783
RES_4215,1739
RES_4216,1949
RES_4217,1593
RES_4218,197
RES_4219,456
RES_4220,535
RES_4221,2610
RES_4222,4088
RES_4223,2070
RES_4224,2571
RES_4225,848
RES_4226,1153
RES_4227,2844
RES_4228,215
RES_4229,340
RES_4230,201
RES_4231,63
RES_4232,389
RES_4233,1382
RES_4234,43
RES_4235,87
RES_4236,12
RES_4237,264
RES_4238,139
RES_4239,245
RES_4240,278
RES_4241,128
RES_4242,311
RES_4243,235
RES_4244,152
RES_4245,168
RES_4246,245
RES_4247,136
RES_4248,425
RES_4249,93
RES_4250,304
RES_4251,228
RES_4252,170
RES_4253,297
RES_4254,657
RES_4255,130
RES_4256,179
RES_4257,273
RES_4258,262
RES_4259,84
RES_4260,218
RES_4261,469
RES_4262,197
RES_4263,349
RES_4264,315
RES_4265,1082
RES_4266,2396
RES_4267,2421
RES_4268,1592
RES_4269,1613
RES_4270,1754
RES_4271,1616
RES_4272,850
RES_4273,3803
RES_4274,998
RES_4275,954
RES_4276,302
RES_4277,52
RES_4278,540
RES_4279,850
RES_4280,91
RES_4281,51
RES_4282,101
RES_4283,859
RES_4284,2810
RES_4285,311
RES_4286,45
RES_4287,863
RES_4288,252
RES_4289,374
RES_4290,598
RES_4291,300
RES_4292,124
RES_4293,589
RES_4294,80
RES_4295,1790
RES_4296,633
RES_4297,2
RES_4298,616
RES_4299,835
RES_4300,1846
RES_4301,78
RES_4302,2242
RES_4303,594
RES_4304,3670
RES_4305,2799
RES_4306,2132
RES_4307,2612
RES_4308,2753
RES_4309,878
RES_4310,1388
RES_4311,2108
RES_4312,2897
RES_4313,986
RES_4314,1865
RES_4315,1754
RES_4316,2610
RES_4317,4020
RES_4318,1542
RES_4319,2076
RES_4320,1610
RES_4321,3945
RES_4322,2022
RES_4323,1715
RES_4324,2803
RES_4325,313
RES_4326,505
RES_4327,3535
RES_4328,1618
RES_4329,995
RES_4330,744
RES_4331,630
RES_4332,207
RES_4333,174
RES_4334,99
RES_4335,1604
RES_4336,112
RES_4337,1049
RES_4338,425
RES_4339,1252
RES_4340,30
RES_4341,194
RES_4342,319
RES_4343,167
RES_4344,100
RES_4345,298
RES_4346,153
RES_4347,147
RES_4348,1096
RES_4349,169
RES_4350,91
RES_4351,351
RES_4352,236
RES_4353,192
RES_4354,317
RES_4355,432
RES_4356,731
RES_4357,600
RES_4358,137
RES_4359,302
RES_4360,413
RES_4361,58
RES_4362,103
RES_4363,239
RES_4364,60
RES_4365,173
RES_4366,368
RES_4367,822
RES_4368,897
RES_4369,304
RES_4370,77
RES_4371,304
RES_4372,358
RES_4373,183
RES_4374,291
RES_4375,960
RES_4376,813
RES_4377,131
RES_4378,338
RES_4379,990
RES_4380,1658
RES_4381,3042
RES_4382,1596
RES_4383,3268
RES_4384,2380
RES_4385,3218
RES_4386,1718
RES_4387,361
RES_4388,2758
RES_4389,2087
RES_4390,1392
RES_4391,1909
RES_4392,62
RES_4393,553
RES_4394,780
RES_4395,417
RES_4396,67
RES_4397,1377
RES_4398,643
RES_4399,88
RES_4400,399
RES_4401,1067
RES_4402,2803
RES_4403,884
RES_4404,2080
RES_4405,923
RES_4406,1000
RES_4407,670
RES_4408,10
RES_4409,278
RES_4410,63
RES_4411,108
RES_4412,165
RES_4413,410
RES_4414,59
RES_4415,514
RES_4416,254
RES_4417,411
RES_4418,2348
RES_4419,2342
RES_4420,181
RES_4421,1167
RES_4422,1716
RES_4423,823
RES_4424,876
RES_4425,1582
RES_4426,1881
RES_4427,1354
RES_4428,842
RES_4429,334
RES_4430,502
RES_4431,79
RES_4432,50
RES_4433,228
RES_4434,268
RES_4435,66
RES_4436,517
RES_4437,136
RES_4438,378
RES_4439,88
RES_4440,79
RES_4441,196
RES_4442,223
RES_4443,485
RES_4444,947
RES_4445,2159
RES_4446,172
RES_4447,384
RES_4448,1476
RES_4449,192
RES_4450,2
RES_4451,897
RES_4452,2526
RES_4453,2409
RES_4454,55
RES_4455,250
RES_4456,454
RES_4457,706
RES_4458,259
RES_4459,2091
RES_4460,3152
RES_4461,2093
RES_4462,1539
RES_4463,157
RES_4464,998
RES_4465,1903
RES_4466,777
RES_4467,15
RES_4468,1350
RES_4469,867
RES_4470,2212
RES_4471,2508
RES_4472,1595
RES_4473,2520
RES_4474,1661
RES_4475,216
RES_4476,203
RES_4477,428
RES_4478,1507
RES_4479,1445
RES_4480,868
RES_4481,973
RES_4482,1646
RES_4483,1761
RES_4484,1561
RES_4485,2265
RES_4486,2733
RES_4487,1829
RES_4488,546
RES_4489,1213
RES_4490,2327
RES_4491,2243
RES_4492,2100
RES_4493,841
RES_4494,687
RES_4495,1579
RES_4496,1472
RES_4497,1930
RES_4498,2522
RES_4499,644
RES_4500,434
RES_4501,190
RES_4502,183
RES_4503,428
RES_4504,2106
RES_4505,1752
RES_4506,1596
RES_4507,1435
RES_4508,639
RES_4509,711
RES_4510,2209
RES_4511,2247
RES_4512,1930
RES_4513,1413
RES_4514,51
RES_4515,78
RES_4516,13
RES_4517,1216
RES_4518,2165
RES_4519,1004
RES_4520,2344
RES_4521,959
RES_4522,186
RES_4523,1543
RES_4524,1153
RES_4525,1310
RES_4526,417
RES_4527,1510
RES_4528,644
RES_4529,864
RES_4530,841
RES_4531,1905
RES_4532,2331
RES_4533,503
RES_4534,3135
RES_4535,287
RES_4536,1479
RES_4537,1300
RES_4538,282
RES_4539,6
RES_4540,317
RES_4541,2416
RES_4542,1717
RES_4543,111
RES_4544,1747
RES_4545,2471
RES_4546,31
RES_4547,306
RES_4548,157
RES_4549,312
RES_4550,1151
RES_4551,543
RES_4552,640
RES_4553,414
RES_4554,180
RES_4555,469
RES_4556,462
RES_4557,163
RES_4558,2
RES_4559,3
RES_4560,190
RES_4561,79
RES_4562,1267
RES_4563,193
RES_4564,175
RES_4565,154
RES_4566,84
RES_4567,87
RES_4568,81
RES_4569,152
RES_4570,118
RES_4571,139
RES_4572,55
RES_4573,49
RES_4574,91
RES_4575,29
RES_4576,109
RES_4577,53
RES_4578,183
RES_4579,120
RES_4580,187
RES_4581,138
RES_4582,110
RES_4583,20
RES_4584,59
RES_4585,216
RES_4586,251
RES_4587,183
RES_4588,168
RES_4589,45
RES_4590,57
RES_4591,344
RES_4592,138
RES_4593,219
RES_4594,452
RES_4595,160
RES_4596,29
RES_4597,470
RES_4598,122
RES_4599,73
RES_4600,29
RES_4601,497
RES_4602,1044
RES_4603,127
RES_4604,128
RES_4605,846
RES_4606,838
RES_4607,1026
RES_4608,977
RES_4609,2133
RES_4610,1703
RES_4611,476
RES_4612,161
RES_4613,1160
RES_4614,1132
RES_4615,911
RES_4616,620
RES_4617,31
RES_4618,71
RES_4619,860
RES_4620,151
RES_4621,69
RES_4622,158
RES_4623,157
RES_4624,217
RES_4625,30
RES_4626,290
RES_4627,92
RES_4628,1157
RES_4629,1327
RES_4630,736
RES_4631,2335
RES_4632,2131
RES_4633,2409
RES_4634,1323
RES_4635,384
RES_4636,1619
RES_4637,1074
RES_4638,1246
RES_4639,1830
RES_4640,1625
RES_4641,1131
RES_4642,298
RES_4643,127
RES_4644,147
RES_4645,2395
RES_4646,3022
RES_4647,478
RES_4648,758
RES_4649,109
RES_4650,193
RES_4651,91
RES_4652,181
RES_4653,442
RES_4654,83
RES_4655,417
RES_4656,530
RES_4657,218
RES_4658,1416
RES_4659,3679
RES_4660,1968
RES_4661,2307
RES_4662,3391
RES_4663,2898
RES_4664,1055
RES_4665,1986
RES_4666,1687
RES_4667,808
RES_4668,765
RES_4669,2411
RES_4670,1941
RES_4671,2875
RES_4672,1542
RES_4673,1027
RES_4674,1981
RES_4675,719
RES_4676,524
RES_4677,87
RES_4678,212
RES_4679,507
RES_4680,151
RES_4681,147
RES_4682,238
RES_4683,982
RES_4684,158
RES_4685,670
RES_4686,1377
RES_4687,484
RES_4688,143
RES_4689,1202
RES_4690,1238
RES_4691,158
RES_4692,271
RES_4693,30
RES_4694,432
RES_4695,193
RES_4696,377
RES_4697,1865
RES_4698,1695
RES_4699,1271
RES_4700,1357
RES_4701,2613
RES_4702,316
RES_4703,3
RES_4704,533
RES_4705,1502
RES_4706,2579
RES_4707,2538
RES_4708,339
RES_4709,779
RES_4710,2107
RES_4711,531
RES_4712,1735
RES_4713,731
RES_4714,2055
RES_4715,294
RES_4716,156
RES_4717,820
RES_4718,417
RES_4719,944
RES_4720,632
RES_4721,572
RES_4722,291
RES_4723,248
RES_4724,115
RES_4725,315
RES_4726,189
RES_4727,264
RES_4728,1466
RES_4729,144
RES_4730,806
RES_4731,356
RES_4732,274
RES_4733,553
RES_4734,117
RES_4735,175
RES_4736,459
RES_4737,284
RES_4738,1897
RES_4739,659
RES_4740,457
RES_4741,978
RES_4742,174
RES_4743,2
RES_4744,35
RES_4745,726
RES_4746,558
RES_4747,251
RES_4748,528
RES_4749,772
RES_4750,56
RES_4751,311
RES_4752,2898
RES_4753,39
RES_4754,1094
RES_4755,995
RES_4756,1286
RES_4757,870
RES_4758,1400
RES_4759,1816
RES_4760,23
RES_4761,1065
RES_4762,1125
RES_4763,1407
RES_4764,1335
RES_4765,2602
RES_4766,2295
RES_4767,166
RES_4768,697
RES_4769,1310
RES_4770,1964
RES_4771,2175
RES_4772,852
RES_4773,1175
RES_4774,1370
RES_4775,937
RES_4776,43
RES_4777,1187
RES_4778,1310
RES_4779,1178
RES_4780,2083
RES_4781,1779
RES_4782,1449
RES_4783,1125
RES_4784,1195
RES_4785,2840
RES_4786,377
RES_4787,770
RES_4788,274
RES_4789,123
RES_4790,1422
RES_4791,1404
RES_4792,1512
RES_4793,2580
RES_4794,1319
RES_4795,914
RES_4796,1218
RES_4797,373
RES_4798,659
RES_4799,537
RES_4800,169
RES_4801,569
RES_4802,2719
RES_4803,2408
RES_4804,997
RES_4805,563
RES_4806,729
RES_4807,2
RES_4808,2653
RES_4809,888
RES_4810,107
RES_4811,255
RES_4812,334
RES_4813,2402
RES_4814,2036
RES_4815,1659
RES_4816,788
RES_4817,269
RES_4818,301
RES_4819,1033
RES_4820,884
RES_4821,888
RES_4822,381
RES_4823,59
RES_4824,136
RES_4825,880
RES_4826,915
RES_4827,234
RES_4828,905
RES_4829,827
RES_4830,225
RES_4831,334
RES_4832,132
RES_4833,302
RES_4834,351
RES_4835,100
RES_4836,515
RES_4837,35
RES_4838,25
RES_4839,41
RES_4840,71
RES_4841,189
RES_4842,214
RES_4843,429
RES_4844,181
RES_4845,120
RES_4846,745
RES_4847,375
RES_4848,277
RES_4849,84
RES_4850,643
RES_4851,181
RES_4852,107
RES_4853,397
RES_4854,375
RES_4855,230
RES_4856,366
RES_4857,279
RES_4858,497
RES_4859,435
RES_4860,762
RES_4861,266
RES_4862,461
RES_4863,63
RES_4864,111
RES_4865,183
RES_4866,84
RES_4867,71
RES_4868,1140
RES_4869,582
RES_4870,440
RES_4871,127
RES_4872,260
RES_4873,94
RES_4874,723
RES_4875,608
RES_4876,196
RES_4877,1255
RES_4878,1936
RES_4879,1377
RES_4880,832
RES_4881,91
RES_4882,495
RES_4883,1695
RES_4884,1331
RES_4885,2281
RES_4886,1934
RES_4887,748
RES_4888,140
RES_4889,1132
RES_4890,1377
RES_4891,724
RES_4892,1901
RES_4893,849
RES_4894,92
RES_4895,575
RES_4896,124
RES_4897,307
RES_4898,67
RES_4899,55
RES_4900,127
RES_4901,29
RES_4902,49
RES_4903,45
RES_4904,370
RES_4905,762
RES_4906,196
RES_4907,283
RES_4908,111
RES_4909,282
RES_4910,1333
RES_4911,583
RES_4912,136
RES_4913,544
RES_4914,657
RES_4915,31
RES_4916,893
RES_4917,396
RES_4918,1384
RES_4919,398
RES_4920,1865
RES_4921,2075
RES_4922,618
RES_4923,1340
RES_4924,445
RES_4925,384
RES_4926,1041
RES_4927,194
RES_4928,346
RES_4929,260
RES_4930,325
RES_4931,175
RES_4932,1331
RES_4933,322
RES_4934,919
RES_4935,1082
RES_4936,1240
RES_4937,827
RES_4938,1118
RES_4939,112
RES_4940,189
RES_4941,166
RES_4942,105
RES_4943,269
RES_4944,255
RES_4945,2300
RES_4946,2116
RES_4947,1736
RES_4948,274
RES_4949,1467
RES_4950,1157
RES_4951,744
RES_4952,202
RES_4953,294
RES_4954,939
RES_4955,1834
RES_4956,2102
RES_4957,1103
RES_4958,1032
RES_4959,834
RES_4960,258
RES_4961,226
RES_4962,1295
RES_4963,1905
RES_4964,421
RES_4965,799
RES_4966,547
RES_4967,396
RES_4968,237
RES_4969,87
RES_4970,2795
RES_4971,658
RES_4972,295
RES_4973,744
RES_4974,26
RES_4975,762
RES_4976,134
RES_4977,1229
RES_4978,1709
RES_4979,1129
RES_4980,1615
RES_4981,971
RES_4982,2284
RES_4983,400
RES_4984,218
RES_4985,734
RES_4986,239
RES_4987,427
RES_4988,122
RES_4989,688
RES_4990,165
RES_4991,232
RES_4992,89
RES_4993,1077
RES_4994,494
RES_4995,996
RES_4996,1687
RES_4997,416
RES_4998,729
RES_4999,19
RES_5000,495
RES_5001,29
RES_5002,222
RES_5003,1783
RES_5004,2404
RES_5005,2705
RES_5006,2668
RES_5007,1709
RES_5008,1250
RES_5009,806
RES_5010,19
RES_5011,164
RES_5012,35
RES_5013,262
RES_5014,1306
RES_5015,75
RES_5016,526
RES_5017,43
RES_5018,773
RES_5019,2998
RES_5020,574
RES_5021,514
RES_5022,2047
RES_5023,1108
RES_5024,46
RES_5025,1673
RES_5026,2657
RES_5027,1493
RES_5028,2884
RES_5029,498
RES_5030,228
RES_5031,412
RES_5032,20
RES_5033,203
RES_5034,76
RES_5035,55
RES_5036,157
RES_5037,461
RES_5038,111
RES_5039,48
RES_5040,32
RES_5041,84
RES_5042,834
RES_5043,567
RES_5044,56
RES_5045,51
RES_5046,74
RES_5047,22
RES_5048,53
RES_5049,40
RES_5050,103
RES_5051,179
RES_5052,274
RES_5053,461
RES_5054,521
RES_5055,2168
RES_5056,194
RES_5057,2193
RES_5058,368
RES_5059,1949
RES_5060,215
RES_5061,116
RES_5062,217
RES_5063,3316
RES_5064,1793
RES_5065,594
RES_5066,462
RES_5067,3115
RES_5068,381
RES_5069,656
RES_5070,84
RES_5071,412
RES_5072,3
RES_5073,127
RES_5074,312
RES_5075,124
RES_5076,433
RES_5077,1754
RES_5078,2229
RES_5079,311
RES_5080,880
RES_5081,2445
RES_5082,505
RES_5083,1927
RES_5084,118
RES_5085,179
RES_5086,132
RES_5087,88
RES_5088,540
RES_5089,51
RES_5090,1238
RES_5091,360
RES_5092,766
RES_5093,223
RES_5094,42
RES_5095,63
RES_5096,55
RES_5097,88
RES_5098,403
RES_5099,503
RES_5100,59
RES_5101,641
RES_5102,950
RES_5103,612
RES_5104,2476
RES_5105,711
RES_5106,1474
RES_5107,40
RES_5108,453
RES_5109,120
RES_5110,35
RES_5111,205
RES_5112,182
RES_5113,264
RES_5114,12
RES_5115,237
RES_5116,14
RES_5117,202
RES_5118,325
RES_5119,886
RES_5120,221
RES_5121,1678
RES_5122,1032
RES_5123,110
RES_5124,247
RES_5125,2035
RES_5126,3616
RES_5127,181
RES_5128,250
RES_5129,858
RES_5130,1942
RES_5131,1939
RES_5132,1129
RES_5133,1525
RES_5134,2644
RES_5135,179
RES_5136,269
RES_5137,468
RES_5138,199
RES_5139,736
RES_5140,176
RES_5141,1539
RES_5142,2065
RES_5143,865
RES_5144,1205
RES_5145,1661
RES_5146,2
RES_5147,171
RES_5148,168
RES_5149,421
RES_5150,612
RES_5151,20
RES_5152,92
RES_5153,1590
RES_5154,188
RES_5155,872
RES_5156,201
RES_5157,1837
RES_5158,295
RES_5159,92
RES_5160,728
RES_5161,665
RES_5162,1600
RES_5163,171
RES_5164,708
RES_5165,1977
RES_5166,828
RES_5167,366
RES_5168,1344
RES_5169,228
RES_5170,525
RES_5171,352
RES_5172,772
RES_5173,1085
RES_5174,2356
RES_5175,1331
RES_5176,2584
RES_5177,132
RES_5178,2308
RES_5179,453
RES_5180,470
RES_5181,2799
RES_5182,284
RES_5183,417
RES_5184,7624
RES_5185,336
RES_5186,1199
RES_5187,1609
RES_5188,1998
RES_5189,1754
RES_5190,384
RES_5191,1647
RES_5192,430
RES_5193,161
RES_5194,413
RES_5195,105
RES_5196,45
RES_5197,317
RES_5198,143
RES_5199,946
RES_5200,1056
RES_5201,446
RES_5202,127
RES_5203,380
RES_5204,425
RES_5205,39
RES_5206,569
RES_5207,52
RES_5208,1567
RES_5209,101
RES_5210,481
RES_5211,590
RES_5212,391
RES_5213,567
RES_5214,223
RES_5215,226
RES_5216,368
RES_5217,4811
RES_5218,293
RES_5219,28
RES_5220,686
RES_5221,359
RES_5222,67
RES_5223,567
RES_5224,209
RES_5225,368
RES_5226,45
RES_5227,6
RES_5228,70
RES_5229,40
RES_5230,43
RES_5231,202
RES_5232,259
RES_5233,331
RES_5234,6
RES_5235,91
RES_5236,24
RES_5237,709
RES_5238,526
RES_5239,158
RES_5240,701
RES_5241,14
RES_5242,250
RES_5243,654
RES_5244,388
RES_5245,463
RES_5246,195
RES_5247,130
RES_5248,241
RES_5249,146
RES_5250,265
RES_5251,598
RES_5252,535
RES_5253,192
RES_5254,293
RES_5255,95
RES_5256,83
RES_5257,448
RES_5258,558
RES_5259,274
RES_5260,78
RES_5261,351
RES_5262,44
RES_5263,3012
RES_5264,84
RES_5265,18
RES_5266,690
RES_5267,436
RES_5268,70
RES_5269,147
RES_5270,3910
RES_5271,805
RES_5272,111
RES_5273,140
RES_5274,1485
RES_5275,2967
RES_5276,993
RES_5277,2392
RES_5278,1051
RES_5279,2479
RES_5280,2654
RES_5281,1745
RES_5282,1002
RES_5283,529
RES_5284,2555
RES_5285,1559
RES_5286,753
RES_5287,100
RES_5288,3239
RES_5289,2457
RES_5290,1510
RES_5291,809
RES_5292,3277
RES_5293,958
RES_5294,327
RES_5295,1572
RES_5296,834
RES_5297,1319
RES_5298,216
RES_5299,320
RES_5300,88
RES_5301,276
RES_5302,161
RES_5303,67
RES_5304,152
RES_5305,43
RES_5306,868
RES_5307,1782
RES_5308,145
RES_5309,1672
RES_5310,1365
RES_5311,151
RES_5312,2341
RES_5313,85
RES_5314,683
RES_5315,560
RES_5316,96
RES_5317,337
RES_5318,8
RES_5319,73
RES_5320,230
RES_5321,426
RES_5322,317
RES_5323,1055
RES_5324,2596
RES_5325,2746
RES_5326,251
RES_5327,1568
RES_5328,91
RES_5329,211
RES_5330,756
RES_5331,143
RES_5332,15
RES_5333,120
RES_5334,15
RES_5335,925
RES_5336,824
RES_5337,2131
RES_5338,541
RES_5339,675
RES_5340,2150
RES_5341,3478
RES_5342,181
RES_5343,1394
RES_5344,208
RES_5345,1881
RES_5346,1162
RES_5347,45
RES_5348,649
RES_5349,1267
RES_5350,1214
RES_5351,257
RES_5352,632
RES_5353,251
RES_5354,92
RES_5355,592
RES_5356,49
RES_5357,1116
RES_5358,587
RES_5359,1603
RES_5360,94
RES_5361,108
RES_5362,389
RES_5363,221
RES_5364,290
RES_5365,1180
RES_5366,2457
RES_5367,407
RES_5368,35
RES_5369,1379
RES_5370,605
RES_5371,117
RES_5372,202
RES_5373,2350
RES_5374,2277
RES_5375,1959
RES_5376,1640
RES_5377,417
RES_5378,2365
RES_5379,3662
RES_5380,364
RES_5381,788
RES_5382,2417
RES_5383,3304
RES_5384,1295
RES_5385,173
RES_5386,1765
RES_5387,1384
RES_5388,788
RES_5389,2
RES_5390,55
RES_5391,507
RES_5392,2367
RES_5393,430
RES_5394,230
RES_5395,95
RES_5396,95
RES_5397,909
RES_5398,1075
RES_5399,254
RES_5400,210
RES_5401,404
RES_5402,64
RES_5403,56
RES_5404,150
RES_5405,176
RES_5406,425
RES_5407,47
RES_5408,404
RES_5409,717
RES_5410,31
RES_5411,99
RES_5412,327
RES_5413,138
RES_5414,183
RES_5415,163
RES_5416,1041
RES_5417,333
RES_5418,109
RES_5419,423
RES_5420,924
RES_5421,168
RES_5422,539
RES_5423,291
RES_5424,510
RES_5425,414
RES_5426,2466
RES_5427,2693
RES_5428,312
RES_5429,145
RES_5430,457
RES_5431,1362
RES_5432,2830
RES_5433,40
RES_5434,128
RES_5435,173
RES_5436,520
RES_5437,1241
RES_5438,311
RES_5439,254
RES_5440,185
RES_5441,669
RES_5442,388
RES_5443,1419
RES_5444,507
RES_5445,435
RES_5446,175
RES_5447,219
RES_5448,327
RES_5449,750
RES_5450,815
RES_5451,232
RES_5452,1824
RES_5453,1031
RES_5454,2
RES_5455,525
RES_5456,1954
RES_5457,2437
RES_5458,1854
RES_5459,122
RES_5460,275
RES_5461,132
RES_5462,713
RES_5463,890
RES_5464,1157
RES_5465,1400
RES_5466,3
RES_5467,2
RES_5468,510
RES_5469,181
RES_5470,962
RES_5471,218
RES_5472,38
RES_5473,636
RES_5474,1216
RES_5475,352
RES_5476,820
RES_5477,474
RES_5478,192
RES_5479,356
RES_5480,571
RES_5481,1802
RES_5482,399
RES_5483,46
RES_5484,320
RES_5485,246
RES_5486,311
RES_5487,100
RES_5488,52
RES_5489,31
RES_5490,617
RES_5491,431
RES_5492,287
RES_5493,91
RES_5494,58
RES_5495,477
RES_5496,873
RES_5497,39
RES_5498,135
RES_5499,178
RES_5500,336
RES_5501,111
RES_5502,582
RES_5503,215
RES_5504,66
RES_5505,94
RES_5506,425
RES_5507,218
RES_5508,207
RES_5509,120
RES_5510,143
RES_5511,178
RES_5512,413
RES_5513,193
RES_5514,25
RES_5515,24
RES_5516,222
RES_5517,112
RES_5518,658
RES_5519,75
RES_5520,990
RES_5521,352
RES_5522,127
RES_5523,96
RES_5524,27
RES_5525,365
RES_5526,592
RES_5527,244
RES_5528,181
RES_5529,201
RES_5530,274
RES_5531,83
RES_5532,158
RES_5533,48
RES_5534,71
RES_5535,59
RES_5536,116
RES_5537,946
RES_5538,71
RES_5539,96
RES_5540,128
RES_5541,96
RES_5542,413
RES_5543,149
RES_5544,215
RES_5545,607
RES_5546,158
RES_5547,1096
RES_5548,240
RES_5549,140
RES_5550,755
RES_5551,2285
RES_5552,689
RES_5553,339
RES_5554,145
RES_5555,74
RES_5556,272
RES_5557,71
RES_5558,58
RES_5559,79
RES_5560,109
RES_5561,406
RES_5562,82
RES_5563,217
RES_5564,196
RES_5565,161
RES_5566,185
RES_5567,136
RES_5568,156
RES_5569,417
RES_5570,152
RES_5571,246
RES_5572,764
RES_5573,1327
RES_5574,569
RES_5575,1054
RES_5576,599
RES_5577,567
RES_5578,1490
RES_5579,841
RES_5580,84
RES_5581,1466
RES_5582,664
RES_5583,254
RES_5584,270
RES_5585,758
RES_5586,145
RES_5587,1536
RES_5588,201
RES_5589,210
RES_5590,73
RES_5591,240
RES_5592,56
RES_5593,677
RES_5594,1701
RES_5595,105
RES_5596,355
RES_5597,459
RES_5598,91
RES_5599,1437
RES_5600,653
RES_5601,856
RES_5602,2777
RES_5603,1264
RES_5604,588
RES_5605,197
RES_5606,377
RES_5607,63
RES_5608,498
RES_5609,3203
RES_5610,1795
RES_5611,803
RES_5612,726
RES_5613,2254
RES_5614,1736
RES_5615,1506
RES_5616,378
RES_5617,217
RES_5618,50
RES_5619,824
RES_5620,209
RES_5621,132
RES_5622,335
RES_5623,251
RES_5624,1074
RES_5625,195
RES_5626,3608
RES_5627,2019
RES_5628,556
RES_5629,787
RES_5630,201
RES_5631,564
RES_5632,96
RES_5633,247
RES_5634,117
RES_5635,556
RES_5636,254
RES_5637,413
RES_5638,3100
RES_5639,1159
RES_5640,305
RES_5641,127
RES_5642,222
RES_5643,99
RES_5644,96
RES_5645,641
RES_5646,814
RES_5647,65
RES_5648,258
RES_5649,608
RES_5650,165
RES_5651,315
RES_5652,219
RES_5653,153
RES_5654,75
RES_5655,115
RES_5656,92
RES_5657,92
RES_5658,109
RES_5659,245
RES_5660,670
RES_5661,410
RES_5662,202
RES_5663,339
RES_5664,206
RES_5665,92
RES_5666,456
RES_5667,421
RES_5668,39
RES_5669,75
RES_5670,70
RES_5671,30
RES_5672,381
RES_5673,142
RES_5674,577
RES_5675,427
RES_5676,2892
RES_5677,7403
RES_5678,2116
RES_5679,210
RES_5680,218
RES_5681,146
RES_5682,193
RES_5683,63
RES_5684,5157
RES_5685,1587
RES_5686,17670
RES_5687,4700
RES_5688,1531
RES_5689,1677
RES_5690,218
RES_5691,583
RES_5692,440
RES_5693,1509
RES_5694,1740
RES_5695,56
RES_5696,157
RES_5697,620
RES_5698,517
RES_5699,1852
RES_5700,603
RES_5701,558
RES_5702,252
RES_5703,500
RES_5704,348
RES_5705,1952
RES_5706,953
RES_5707,562
RES_5708,39
RES_5709,193
RES_5710,323
RES_5711,288
RES_5712,672
RES_5713,448
RES_5714,3230
RES_5715,1022
RES_5716,1936
RES_5717,225
RES_5718,106
RES_5719,310
RES_5720,437
RES_5721,114
RES_5722,413
RES_5723,31
RES_5724,4411
RES_5725,7141
RES_5726,1840
RES_5727,246
RES_5728,1730
RES_5729,6913
RES_5730,847
RES_5731,283
RES_5732,91
RES_5733,2826
RES_5734,394
RES_5735,5047
RES_5736,81
RES_5737,1306
RES_5738,2555
RES_5739,945
RES_5740,2250
RES_5741,113
RES_5742,1819
RES_5743,954
RES_5744,152
RES_5745,3171
RES_5746,3119
RES_5747,289
RES_5748,491
RES_5749,1270
RES_5750,319
RES_5751,1451
RES_5752,546
RES_5753,847
RES_5754,1313
RES_5755,1394
RES_5756,1962
RES_5757,1049
RES_5758,4305
RES_5759,676
RES_5760,896
RES_5761,1075
RES_5762,1209
RES_5763,82
RES_5764,303
RES_5765,2313
RES_5766,792
RES_5767,378
RES_5768,1083
RES_5769,4272
RES_5770,738
RES_5771,1092
RES_5772,1638
RES_5773,23
RES_5774,127
RES_5775,3192
RES_5776,322
RES_5777,538
RES_5778,668
RES_5779,97
RES_5780,1191
RES_5781,138
RES_5782,711
RES_5783,200
RES_5784,67
RES_5785,1320
RES_5786,1705
RES_5787,1079
RES_5788,44
RES_5789,2294
RES_5790,848
RES_5791,693
RES_5792,131
RES_5793,230
RES_5794,46
RES_5795,493
RES_5796,139
RES_5797,119
RES_5798,613
RES_5799,885
RES_5800,145
RES_5801,302
RES_5802,610
RES_5803,1272
RES_5804,1243
RES_5805,824
RES_5806,1535
RES_5807,1714
RES_5808,236
RES_5809,847
RES_5810,957
RES_5811,724
RES_5812,199
RES_5813,966
RES_5814,518
RES_5815,241
RES_5816,478
RES_5817,932
RES_5818,228
RES_5819,381
RES_5820,87
RES_5821,26
RES_5822,423
RES_5823,926
RES_5824,516
RES_5825,164
RES_5826,195
RES_5827,698
RES_5828,411
RES_5829,1591
RES_5830,1065
RES_5831,320
RES_5832,784
RES_5833,38
RES_5834,143
RES_5835,91
RES_5836,145
RES_5837,204
RES_5838,296
RES_5839,480
RES_5840,285
RES_5841,596
RES_5842,437
RES_5843,1289
RES_5844,1436
RES_5845,406
RES_5846,835
RES_5847,767
RES_5848,382
RES_5849,194
RES_5850,778
RES_5851,141
RES_5852,797
RES_5853,508
RES_5854,1858
RES_5855,450
RES_5856,481
RES_5857,2556
RES_5858,890
RES_5859,250
RES_5860,490
RES_5861,308
RES_5862,292
RES_5863,368
RES_5864,145
RES_5865,1157
RES_5866,567
RES_5867,364
RES_5868,256
RES_5869,1706
RES_5870,396
RES_5871,954
RES_5872,1509
RES_5873,63
RES_5874,127
RES_5875,130
RES_5876,127
RES_5877,1076
RES_5878,1573
RES_5879,1368
RES_5880,39
RES_5881,231
RES_5882,36
RES_5883,276
RES_5884,151
RES_5885,542
RES_5886,176
RES_5887,417
RES_5888,72
RES_5889,556
RES_5890,1484
RES_5891,1778
RES_5892,514
RES_5893,8
RES_5894,1424
RES_5895,917
RES_5896,1042
RES_5897,84
RES_5898,67
RES_5899,38
RES_5900,282
RES_5901,268
RES_5902,358
RES_5903,91
RES_5904,38
RES_5905,625
RES_5906,1460
RES_5907,1698
RES_5908,1681
RES_5909,784
RES_5910,187
RES_5911,516
RES_5912,116
RES_5913,26
RES_5914,1542
RES_5915,1311
RES_5916,450
RES_5917,134
RES_5918,63
RES_5919,586
RES_5920,759
RES_5921,510
RES_5922,75
RES_5923,116
RES_5924,119
RES_5925,630
RES_5926,749
RES_5927,1451
RES_5928,2069
RES_5929,2496
RES_5930,1052
RES_5931,1586
RES_5932,754
RES_5933,143
RES_5934,401
RES_5935,1048
RES_5936,256
RES_5937,623
RES_5938,851
RES_5939,1219
RES_5940,1328
RES_5941,69
RES_5942,238
RES_5943,388
RES_5944,1283
RES_5945,1935
RES_5946,568
RES_5947,282
RES_5948,207
RES_5949,434
RES_5950,438
RES_5951,145
RES_5952,416
RES_5953,223
RES_5954,244
RES_5955,188
RES_5956,164
RES_5957,75
RES_5958,32
RES_5959,393
RES_5960,205
RES_5961,182
RES_5962,21
RES_5963,273
RES_5964,159
RES_5965,199
RES_5966,162
RES_5967,165
RES_5968,176
RES_5969,662
RES_5970,330
RES_5971,1418
RES_5972,1380
RES_5973,103
RES_5974,63
RES_5975,833
RES_5976,284
RES_5977,962
RES_5978,68
RES_5979,1537
RES_5980,1472
RES_5981,709
RES_5982,697
RES_5983,172
RES_5984,511
RES_5985,254
RES_5986,676
RES_5987,39
RES_5988,15
RES_5989,81
RES_5990,598
RES_5991,671
RES_5992,504
RES_5993,860
RES_5994,190
RES_5995,460
RES_5996,345
RES_5997,484
RES_5998,38
RES_5999,64
RES_6000,111
RES_6001,285
RES_6002,256
RES_6003,121
RES_6004,53
RES_6005,410
RES_6006,368
RES_6007,1302
RES_6008,192
RES_6009,340
RES_6010,331
RES_6011,639
RES_6012,1647
RES_6013,438
RES_6014,1581
RES_6015,1185
RES_6016,128
RES_6017,103
RES_6018,59
RES_6019,786
RES_6020,531
RES_6021,260
RES_6022,251
RES_6023,154
RES_6024,505
RES_6025,1445
RES_6026,171
RES_6027,475
RES_6028,1262
RES_6029,214
RES_6030,208
RES_6031,434
RES_6032,244
RES_6033,315
RES_6034,1009
RES_6035,1058
RES_6036,147
RES_6037,158
RES_6038,473
RES_6039,441
RES_6040,1074
RES_6041,96
RES_6042,410
RES_6043,1066
RES_6044,371
RES_6045,168
RES_6046,139
RES_6047,617
RES_6048,623
RES_6049,147
RES_6050,213
RES_6051,950
RES_6052,1285
RES_6053,591
RES_6054,337
RES_6055,766
RES_6056,228
RES_6057,230
RES_6058,119
RES_6059,254
RES_6060,425
RES_6061,1048
RES_6062,577
RES_6063,288
RES_6064,47
RES_6065,927
RES_6066,617
RES_6067,328
RES_6068,970
RES_6069,167
RES_6070,195
RES_6071,46
RES_6072,622
RES_6073,123
RES_6074,200
RES_6075,45
RES_6076,989
RES_6077,79
RES_6078,104
RES_6079,330
RES_6080,198
RES_6081,91
RES_6082,206
RES_6083,265
RES_6084,55
RES_6085,200
RES_6086,154
RES_6087,166
RES_6088,115
RES_6089,824
RES_6090,726
RES_6091,83
RES_6092,336
RES_6093,1012
RES_6094,1068
RES_6095,767
RES_6096,962
RES_6097,714
RES_6098,790
RES_6099,194
RES_6100,1379
RES_6101,917
RES_6102,158
RES_6103,167
RES_6104,282
RES_6105,105
RES_6106,179
RES_6107,57
RES_6108,23
RES_6109,177
RES_6110,148
RES_6111,124
RES_6112,130
RES_6113,845
RES_6114,67
RES_6115,1001
RES_6116,490
RES_6117,302
RES_6118,5
RES_6119,123
RES_6120,447
RES_6121,247
RES_6122,484
RES_6123,1513
RES_6124,1438
RES_6125,776
RES_6126,1263
RES_6127,2875
RES_6128,2538
RES_6129,2795
RES_6130,1002
RES_6131,1636
RES_6132,2699
RES_6133,2185
RES_6134,1105
RES_6135,623
RES_6136,1471
RES_6137,445
RES_6138,88
RES_6139,65
RES_6140,76
RES_6141,188
RES_6142,214
RES_6143,74
RES_6144,711
RES_6145,922
RES_6146,42
RES_6147,23
RES_6148,177
RES_6149,292
RES_6150,1598
RES_6151,274
RES_6152,669
RES_6153,1666
RES_6154,1385
RES_6155,139
RES_6156,911
RES_6157,554
RES_6158,93
RES_6159,30
RES_6160,46
RES_6161,183
RES_6162,413
RES_6163,353
RES_6164,813
RES_6165,327
RES_6166,372
RES_6167,349
RES_6168,893
RES_6169,188
RES_6170,1583
RES_6171,136
RES_6172,717
RES_6173,231
RES_6174,1087
RES_6175,377
RES_6176,155
RES_6177,28
RES_6178,263
RES_6179,477
RES_6180,58
RES_6181,328
RES_6182,456
RES_6183,1775
RES_6184,107
RES_6185,994
RES_6186,190
RES_6187,121
RES_6188,320
RES_6189,48
RES_6190,114
RES_6191,143
RES_6192,478
RES_6193,1714
RES_6194,275
RES_6195,539
RES_6196,2254
RES_6197,574
RES_6198,13
RES_6199,131
RES_6200,75
RES_6201,256
RES_6202,613
RES_6203,490
RES_6204,248
RES_6205,328
RES_6206,597
RES_6207,2273
RES_6208,699
RES_6209,1304
RES_6210,896
RES_6211,836
RES_6212,1093
RES_6213,538
RES_6214,467
RES_6215,15
RES_6216,69
RES_6217,24
RES_6218,1242
RES_6219,1146
RES_6220,173
RES_6221,57
RES_6222,338
RES_6223,486
RES_6224,41
RES_6225,793
RES_6226,189
RES_6227,154
RES_6228,1552
RES_6229,1362
RES_6230,604
RES_6231,362
RES_6232,212
RES_6233,1441
RES_6234,503
RES_6235,530
RES_6236,1002
RES_6237,1271
RES_6238,67
RES_6239,147
RES_6240,885
RES_6241,1354
RES_6242,1186
RES_6243,200
RES_6244,545
RES_6245,114
RES_6246,170
RES_6247,1009
RES_6248,163
RES_6249,514
RES_6250,143
RES_6251,1018
RES_6252,1642
RES_6253,445
RES_6254,594
RES_6255,30
RES_6256,397
RES_6257,1083
RES_6258,139
RES_6259,308
RES_6260,784
RES_6261,297
RES_6262,379
RES_6263,53
RES_6264,1476
RES_6265,630
RES_6266,40
RES_6267,913
RES_6268,1222
RES_6269,34
RES_6270,154
RES_6271,469
RES_6272,2166
RES_6273,301
RES_6274,1797
RES_6275,52
RES_6276,258
RES_6277,333
RES_6278,728
RES_6279,2090
RES_6280,242
RES_6281,79
RES_6282,377
RES_6283,732
RES_6284,750
RES_6285,442
RES_6286,1042
RES_6287,224
RES_6288,425
RES_6289,359
RES_6290,45
RES_6291,1207
RES_6292,1190
RES_6293,111
RES_6294,320
RES_6295,327
RES_6296,4209
RES_6297,576
RES_6298,342
RES_6299,594
RES_6300,336
RES_6301,1137
RES_6302,40
RES_6303,973
RES_6304,59
RES_6305,183
RES_6306,244
RES_6307,344
RES_6308,241
RES_6309,518
RES_6310,179
RES_6311,981
RES_6312,625
RES_6313,338
RES_6314,1327
RES_6315,710
RES_6316,421
RES_6317,759
RES_6318,310
RES_6319,484
RES_6320,454
RES_6321,834
RES_6322,216
RES_6323,376
RES_6324,4
RES_6325,113
RES_6326,2
RES_6327,30
RES_6328,17
RES_6329,30
RES_6330,42
RES_6331,8
RES_6332,2
RES_6333,24
RES_6334,15
RES_6335,230
RES_6336,875
RES_6337,46
RES_6338,81
RES_6339,127
RES_6340,25
RES_6341,195
RES_6342,192
RES_6343,229
RES_6344,368
RES_6345,104
RES_6346,679
RES_6347,965
RES_6348,413
RES_6349,45
RES_6350,337
RES_6351,630
RES_6352,1211
RES_6353,45
RES_6354,208
RES_6355,279
RES_6356,236
RES_6357,159
RES_6358,196
RES_6359,207
RES_6360,380
RES_6361,300
RES_6362,894
RES_6363,81
RES_6364,706
RES_6365,624
RES_6366,198
RES_6367,32
RES_6368,83
RES_6369,413
RES_6370,309
RES_6371,913
RES_6372,2124
RES_6373,316
RES_6374,324
RES_6375,431
RES_6376,206
RES_6377,1071
RES_6378,153
RES_6379,389
RES_6380,322
RES_6381,349
RES_6382,1911
RES_6383,1088
RES_6384,107
RES_6385,181
RES_6386,52
RES_6387,590
RES_6388,623
RES_6389,814
RES_6390,3195
RES_6391,676
RES_6392,259
RES_6393,889
RES_6394,2032
RES_6395,1808
RES_6396,2168
RES_6397,2125
RES_6398,1703
RES_6399,2566
RES_6400,2698
RES_6401,565
RES_6402,711
RES_6403,2596
RES_6404,3559
RES_6405,973
RES_6406,618
RES_6407,374
RES_6408,337
RES_6409,1024
RES_6410,141
RES_6411,344
RES_6412,265
RES_6413,274
RES_6414,162
RES_6415,307
RES_6416,13
RES_6417,310
RES_6418,853
RES_6419,388
RES_6420,140
RES_6421,148
RES_6422,381
RES_6423,181
RES_6424,217
RES_6425,200
RES_6426,375
RES_6427,159
RES_6428,148
RES_6429,209
RES_6430,46
RES_6431,302
RES_6432,163
RES_6433,448
RES_6434,124
RES_6435,495
RES_6436,1508
RES_6437,1348
RES_6438,84
RES_6439,2029
RES_6440,1254
RES_6441,160
RES_6442,964
RES_6443,1076
RES_6444,459
RES_6445,441
RES_6446,969
RES_6447,2648
RES_6448,393
RES_6449,810
RES_6450,3686
RES_6451,2577
RES_6452,2782
RES_6453,1726
RES_6454,3488
RES_6455,1479
RES_6456,182
RES_6457,458
RES_6458,1043
RES_6459,223
RES_6460,2123
RES_6461,382
RES_6462,405
RES_6463,2744
RES_6464,1016
RES_6465,269
RES_6466,758
RES_6467,223
RES_6468,2419
RES_6469,3627
RES_6470,793
RES_6471,396
RES_6472,94
RES_6473,26
RES_6474,1165
RES_6475,903
RES_6476,98
RES_6477,3029
RES_6478,1499
RES_6479,70
RES_6480,1842
RES_6481,537
RES_6482,176
RES_6483,296
RES_6484,78
RES_6485,199
RES_6486,206
RES_6487,509
RES_6488,1130
RES_6489,687
RES_6490,1939
RES_6491,1238
RES_6492,1432
RES_6493,817
RES_6494,1156
RES_6495,428
RES_6496,809
RES_6497,70
RES_6498,996
RES_6499,337
RES_6500,160
RES_6501,96
RES_6502,367
RES_6503,1009
RES_6504,1331
RES_6505,673
RES_6506,217
RES_6507,1386
RES_6508,1301
RES_6509,2052
RES_6510,1936
RES_6511,453
RES_6512,216
RES_6513,365
RES_6514,434
RES_6515,1025
RES_6516,104
RES_6517,327
RES_6518,355
RES_6519,846
RES_6520,152
RES_6521,2347
RES_6522,2861
RES_6523,310
RES_6524,825
RES_6525,443
RES_6526,264
RES_6527,657
RES_6528,837
RES_6529,1229
RES_6530,301
RES_6531,1224
RES_6532,2342
RES_6533,738
RES_6534,2093
RES_6535,4526
RES_6536,1719
RES_6537,405
RES_6538,707
RES_6539,166
RES_6540,881
RES_6541,2558
RES_6542,475
RES_6543,313
RES_6544,161
RES_6545,2394
RES_6546,688
RES_6547,1416
RES_6548,1577
RES_6549,790
RES_6550,1704
RES_6551,1386
RES_6552,2951
RES_6553,1394
RES_6554,687
RES_6555,217
RES_6556,111
RES_6557,180
RES_6558,611
RES_6559,188
RES_6560,498
RES_6561,19
RES_6562,16
RES_6563,302
RES_6564,34
RES_6565,39
RES_6566,45
RES_6567,33
RES_6568,19
RES_6569,65
RES_6570,47
RES_6571,892
RES_6572,23
RES_6573,54
RES_6574,153
RES_6575,287
RES_6576,319
RES_6577,33
RES_6578,8
RES_6579,388
RES_6580,490
RES_6581,57
RES_6582,624
RES_6583,257
RES_6584,472
RES_6585,99
RES_6586,351
RES_6587,157
RES_6588,933
RES_6589,367
RES_6590,5
RES_6591,228
RES_6592,33
RES_6593,13
RES_6594,569
RES_6595,1198
RES_6596,982
RES_6597,79
RES_6598,144
RES_6599,458
RES_6600,1211
RES_6601,992
RES_6602,140
RES_6603,21
RES_6604,22
RES_6605,212
RES_6606,678
RES_6607,569
RES_6608,439
RES_6609,17
RES_6610,24
RES_6611,16
RES_6612,337
RES_6613,19
RES_6614,28
RES_6615,212
RES_6616,16
RES_6617,22
RES_6618,431
RES_6619,0
RES_6620,82
RES_6621,285
RES_6622,133
RES_6623,299
RES_6624,188
RES_6625,18
RES_6626,270
RES_6627,678
RES_6628,33
RES_6629,36
RES_6630,167
RES_6631,277
RES_6632,756
RES_6633,1086
RES_6634,1038
RES_6635,222
RES_6636,2
RES_6637,47
RES_6638,60
RES_6639,122
RES_6640,14
RES_6641,318
RES_6642,221
RES_6643,715
RES_6644,788
RES_6645,1172
RES_6646,636
RES_6647,98
RES_6648,65
RES_6649,338
RES_6650,522
RES_6651,428
RES_6652,239
RES_6653,226
RES_6654,454
RES_6655,170
RES_6656,65
