id,target_jobs,actual_jobs
WRK_0000,98,98
WRK_0001,499,499
WRK_0002,273,273
WRK_0003,1125,1125
WRK_0004,412,412
WRK_0005,1352,1352
WRK_0006,5901,5901
WRK_0007,1630,1630
WRK_0008,1564,1564
WRK_0009,1023,1023
WRK_0010,9,9
WRK_0011,17226,17226
WRK_0012,8074,8074
WRK_0013,5344,5344
WRK_0014,3548,3548
WRK_0015,935,935
WRK_0016,97,97
WRK_0017,2760,2760
WRK_0018,2307,2307
WRK_0019,7597,7597
WRK_0020,3426,3426
WRK_0021,939,939
WRK_0022,45,45
WRK_0023,2316,2316
WRK_0024,1627,1627
WRK_0025,5036,5036
WRK_0026,1000,1000
WRK_0027,5,5
WRK_0028,2,2
WRK_0029,81,81
WRK_0030,3009,3009
WRK_0031,1373,1373
WRK_0032,2394,2394
WRK_0033,532,532
WRK_0034,6,6
WRK_0035,6,6
WRK_0036,1303,1303
WRK_0037,3669,3669
WRK_0038,2201,2201
WRK_0039,1659,1659
WRK_0040,511,511
WRK_0041,193,193
WRK_0042,1558,1558
WRK_0043,2071,2071
WRK_0044,4358,4358
WRK_0045,1057,1057
WRK_0046,948,948
WRK_0047,71,71
WRK_0048,20,20
WRK_0049,216,216
WRK_0050,68,68
WRK_0051,4,4
WRK_0052,64,64
WRK_0053,49,49
WRK_0054,119,119
WRK_0055,5,5
WRK_0056,7,7
WRK_0057,18,18
WRK_0058,97,97
WRK_0059,61,61
WRK_0060,18,18
WRK_0061,21,21
WRK_0062,61,61
WRK_0063,11,11
WRK_0064,52,52
WRK_0065,35,35
WRK_0066,49,49
WRK_0067,43,43
WRK_0068,15,15
WRK_0069,11,11
WRK_0070,17,17
WRK_0071,9,9
WRK_0072,31,31
WRK_0073,138,138
WRK_0074,3,3
WRK_0075,21,21
WRK_0076,50,50
WRK_0077,261,261
WRK_0078,15,15
WRK_0079,61,61
WRK_0080,91,91
WRK_0081,2,2
WRK_0082,5,5
WRK_0083,14,14
WRK_0084,19,19
WRK_0085,8,8
WRK_0086,11,11
WRK_0087,23,23
WRK_0088,32,32
WRK_0089,25,25
WRK_0090,9,9
WRK_0091,99,99
WRK_0092,751,751
WRK_0093,21,21
WRK_0094,17,17
WRK_0095,45,45
WRK_0096,97,97
WRK_0097,17,17
WRK_0098,47,47
WRK_0099,2,2
WRK_0100,536,536
WRK_0101,18,18
WRK_0102,19,19
WRK_0103,12,12
WRK_0104,58,58
WRK_0105,14,14
WRK_0106,50,50
WRK_0107,14,14
WRK_0108,51,51
WRK_0109,5,5
WRK_0110,26,26
WRK_0111,3268,3268
WRK_0112,1809,1809
WRK_0113,982,982
WRK_0114,539,539
WRK_0115,410,410
WRK_0116,328,328
WRK_0117,19,19
WRK_0118,8,8
WRK_0119,309,309
WRK_0120,1,1
WRK_0121,37,37
WRK_0122,217,217
WRK_0123,21,21
WRK_0124,9959,9959
WRK_0125,10831,10831
WRK_0126,3323,3323
WRK_0127,2565,2565
WRK_0128,3797,3797
WRK_0129,4610,4610
WRK_0130,2359,2359
WRK_0131,72,72
WRK_0132,4,4
WRK_0133,57,57
WRK_0134,295,295
WRK_0135,24,24
WRK_0136,30,30
WRK_0137,35,35
WRK_0138,670,670
WRK_0139,503,503
WRK_0140,273,273
WRK_0141,36,36
WRK_0142,18514,18514
WRK_0143,13862,13862
WRK_0144,4067,4067
WRK_0145,5594,5594
WRK_0146,1078,1078
WRK_0147,1446,1446
WRK_0148,2876,2876
WRK_0149,1991,1991
WRK_0150,2658,2658
WRK_0151,4510,4510
WRK_0152,1466,1466
WRK_0153,516,516
WRK_0154,276,276
WRK_0155,101,101
WRK_0156,1008,1008
WRK_0157,3608,3608
WRK_0158,2091,2091
WRK_0159,8,8
WRK_0160,1297,1297
WRK_0161,13926,13926
WRK_0162,7913,7913
WRK_0163,7349,7349
WRK_0164,8730,8730
WRK_0165,2,2
WRK_0166,1748,1748
WRK_0167,1991,1991
WRK_0168,13427,13427
WRK_0169,9815,9815
WRK_0170,3638,3638
WRK_0171,5428,5428
WRK_0172,492,492
WRK_0173,1191,1191
WRK_0174,1774,1774
WRK_0175,1620,1620
WRK_0176,538,538
WRK_0177,12,12
WRK_0178,243,243
WRK_0179,30,30
WRK_0180,671,671
WRK_0181,3015,3015
WRK_0182,2026,2026
WRK_0183,4216,4216
WRK_0184,4248,4248
WRK_0185,5606,5606
WRK_0186,1962,1962
WRK_0187,5432,5432
WRK_0188,1229,1229
WRK_0189,60,60
WRK_0190,2421,2421
WRK_0191,65,65
WRK_0192,132,132
WRK_0193,157,157
WRK_0194,1737,1737
WRK_0195,15774,15774
WRK_0196,3739,3739
WRK_0197,811,811
WRK_0198,2418,2418
WRK_0199,1415,1415
WRK_0200,7,7
WRK_0201,29,29
WRK_0202,46,46
WRK_0203,3,3
WRK_0204,0,0
WRK_0205,781,781
WRK_0206,2255,2255
WRK_0207,1913,1913
WRK_0208,281,281
WRK_0209,3066,3066
WRK_0210,1265,1265
WRK_0211,128,128
WRK_0212,14,14
WRK_0213,34,34
WRK_0214,19,19
WRK_0215,413,413
WRK_0216,65,65
WRK_0217,4,4
WRK_0218,927,927
WRK_0219,2530,2530
WRK_0220,1096,1096
WRK_0221,2520,2520
WRK_0222,148,148
WRK_0223,5,5
WRK_0224,9,9
WRK_0225,2715,2715
WRK_0226,2489,2489
WRK_0227,1639,1639
WRK_0228,3,3
WRK_0229,44,44
WRK_0230,1644,1644
WRK_0231,3094,3094
WRK_0232,3,3
WRK_0233,2,2
WRK_0234,2,2
WRK_0235,37,37
WRK_0236,24,24
WRK_0237,18,18
WRK_0238,561,561
WRK_0239,68,68
WRK_0240,1,1
WRK_0241,407,407
WRK_0242,59,59
WRK_0243,83,83
WRK_0244,5,5
WRK_0245,6,6
WRK_0246,13,13
WRK_0247,45,45
WRK_0248,66,66
WRK_0249,112,112
WRK_0250,4793,4793
WRK_0251,47,47
WRK_0252,10,10
WRK_0253,0,0
WRK_0254,42,42
WRK_0255,96,96
WRK_0256,134,134
WRK_0257,5,5
WRK_0258,57,57
WRK_0259,51,51
WRK_0260,16,16
WRK_0261,14,14
WRK_0262,15,15
WRK_0263,32,32
WRK_0264,10,10
WRK_0265,36,36
WRK_0266,13,13
WRK_0267,5,5
WRK_0268,10,10
WRK_0269,0,0
WRK_0270,7,7
WRK_0271,5,5
WRK_0272,54,54
WRK_0273,15,15
WRK_0274,39,39
WRK_0275,5,5
WRK_0276,7,7
WRK_0277,12,12
WRK_0278,17,17
WRK_0279,7,7
WRK_0280,10,10
WRK_0281,41,41
WRK_0282,196,196
WRK_0283,388,388
WRK_0284,824,824
WRK_0285,265,265
WRK_0286,1664,1664
WRK_0287,2184,2184
WRK_0288,907,907
WRK_0289,378,378
WRK_0290,115,115
WRK_0291,3248,3248
WRK_0292,22,22
WRK_0293,2,2
WRK_0294,429,429
WRK_0295,8131,8131
WRK_0296,3920,3920
WRK_0297,316,316
WRK_0298,90,90
WRK_0299,415,415
WRK_0300,22,22
WRK_0301,44,44
WRK_0302,78,78
WRK_0303,362,362
WRK_0304,191,191
WRK_0305,1961,1961
WRK_0306,72,72
WRK_0307,0,0
WRK_0308,14,14
WRK_0309,85,85
WRK_0310,19,19
WRK_0311,58,58
WRK_0312,5,5
WRK_0313,475,475
WRK_0314,41,41
WRK_0315,57,57
WRK_0316,14,14
WRK_0317,2494,2494
WRK_0318,1047,1047
WRK_0319,17,17
WRK_0320,228,228
WRK_0321,836,836
WRK_0322,5,5
WRK_0323,10,10
WRK_0324,100,100
WRK_0325,42,42
WRK_0326,133,133
WRK_0327,29,29
WRK_0328,43,43
WRK_0329,18,18
WRK_0330,210,210
WRK_0331,2552,2552
WRK_0332,200,200
WRK_0333,36,36
WRK_0334,386,386
WRK_0335,343,343
WRK_0336,0,0
WRK_0337,49,49
WRK_0338,73,73
WRK_0339,10,10
WRK_0340,50,50
WRK_0341,408,408
WRK_0342,1225,1225
WRK_0343,8599,8599
WRK_0344,739,739
WRK_0345,301,301
WRK_0346,56,56
WRK_0347,2,2
WRK_0348,10,10
WRK_0349,5,5
WRK_0350,9,9
WRK_0351,85,85
WRK_0352,1010,1010
WRK_0353,6714,6714
WRK_0354,1901,1901
WRK_0355,303,303
WRK_0356,32,32
WRK_0357,5,5
WRK_0358,6,6
WRK_0359,10,10
WRK_0360,521,521
WRK_0361,26,26
WRK_0362,16,16
WRK_0363,465,465
WRK_0364,753,753
WRK_0365,1905,1905
WRK_0366,385,385
WRK_0367,34,34
WRK_0368,0,0
WRK_0369,5,5
WRK_0370,0,0
WRK_0371,35,35
WRK_0372,17,17
WRK_0373,146,146
WRK_0374,74,74
WRK_0375,858,858
WRK_0376,864,864
WRK_0377,2,2
WRK_0378,8,8
WRK_0379,4,4
WRK_0380,118,118
WRK_0381,310,310
WRK_0382,12,12
WRK_0383,544,544
WRK_0384,2,2
WRK_0385,21,21
WRK_0386,22,22
WRK_0387,12,12
WRK_0388,1549,1549
WRK_0389,316,316
WRK_0390,256,256
WRK_0391,134,134
WRK_0392,24,24
WRK_0393,568,568
WRK_0394,30,30
WRK_0395,919,919
WRK_0396,16,16
WRK_0397,85,85
WRK_0398,22,22
WRK_0399,5,5
WRK_0400,672,672
WRK_0401,54,54
WRK_0402,1018,1018
WRK_0403,97,97
WRK_0404,44,44
WRK_0405,12,12
WRK_0406,5,5
WRK_0407,0,0
WRK_0408,3392,3392
WRK_0409,848,848
WRK_0410,93,93
WRK_0411,135,135
WRK_0412,9,9
WRK_0413,119,119
WRK_0414,50,50
WRK_0415,14,14
WRK_0416,19,19
WRK_0417,42,42
WRK_0418,20,20
WRK_0419,18,18
WRK_0420,0,0
WRK_0421,505,505
WRK_0422,3086,3086
WRK_0423,122,122
WRK_0424,318,318
WRK_0425,19,19
WRK_0426,67,67
WRK_0427,35,35
WRK_0428,10,10
WRK_0429,101,101
WRK_0430,5,5
WRK_0431,20,20
WRK_0432,53,53
WRK_0433,33,33
WRK_0434,822,822
WRK_0435,14572,14572
WRK_0436,1013,1013
WRK_0437,68,68
WRK_0438,32,32
WRK_0439,61,61
WRK_0440,5,5
WRK_0441,28,28
WRK_0442,15,15
WRK_0443,17,17
WRK_0444,39,39
WRK_0445,13,13
WRK_0446,2695,2695
WRK_0447,7324,7324
WRK_0448,1019,1019
WRK_0449,305,305
WRK_0450,297,297
WRK_0451,238,238
WRK_0452,5,5
WRK_0453,26,26
WRK_0454,12,12
WRK_0455,5,5
WRK_0456,243,243
WRK_0457,1824,1824
WRK_0458,781,781
WRK_0459,182,182
WRK_0460,292,292
WRK_0461,170,170
WRK_0462,24,24
WRK_0463,21,21
WRK_0464,1974,1974
WRK_0465,110,110
WRK_0466,17,17
WRK_0467,69,69
WRK_0468,36,36
WRK_0469,10,10
WRK_0470,9,9
WRK_0471,0,0
WRK_0472,114,114
WRK_0473,61,61
WRK_0474,9,9
WRK_0475,13,13
WRK_0476,67,67
WRK_0477,10,10
WRK_0478,23,23
WRK_0479,43,43
WRK_0480,14,14
WRK_0481,22,22
WRK_0482,280,280
WRK_0483,145,145
WRK_0484,11,11
WRK_0485,13,13
WRK_0486,161,161
WRK_0487,3326,3326
WRK_0488,172,172
WRK_0489,2,2
WRK_0490,341,341
WRK_0491,290,290
WRK_0492,197,197
WRK_0493,55,55
WRK_0494,567,567
WRK_0495,97,97
WRK_0496,452,452
WRK_0497,2226,2226
WRK_0498,671,671
WRK_0499,201,201
WRK_0500,4,4
WRK_0501,6,6
WRK_0502,10,10
WRK_0503,1582,1582
WRK_0504,6303,6303
WRK_0505,313,313
WRK_0506,161,161
WRK_0507,30,30
WRK_0508,780,780
WRK_0509,3111,3111
WRK_0510,51,51
WRK_0511,98,98
WRK_0512,110,110
WRK_0513,409,409
WRK_0514,777,777
WRK_0515,181,181
WRK_0516,0,0
WRK_0517,6,6
WRK_0518,63,63
WRK_0519,128,128
WRK_0520,2,2
WRK_0521,4,4
WRK_0522,7,7
WRK_0523,11,11
WRK_0524,36,36
WRK_0525,5,5
WRK_0526,23,23
WRK_0527,24,24
WRK_0528,116,116
WRK_0529,2,2
WRK_0530,0,0
WRK_0531,5,5
WRK_0532,0,0
WRK_0533,8,8
WRK_0534,46,46
WRK_0535,2,2
WRK_0536,99,99
WRK_0537,4,4
WRK_0538,161,161
WRK_0539,643,643
WRK_0540,98,98
WRK_0541,701,701
WRK_0542,436,436
WRK_0543,30,30
WRK_0544,30,30
WRK_0545,481,481
WRK_0546,12,12
WRK_0547,12,12
WRK_0548,7,7
WRK_0549,276,276
WRK_0550,759,759
WRK_0551,1641,1641
WRK_0552,2232,2232
WRK_0553,3187,3187
WRK_0554,591,591
WRK_0555,922,922
WRK_0556,150,150
WRK_0557,75,75
WRK_0558,144,144
WRK_0559,114,114
WRK_0560,169,169
WRK_0561,1042,1042
WRK_0562,5196,5196
WRK_0563,2910,2910
WRK_0564,421,421
WRK_0565,127,127
WRK_0566,725,725
WRK_0567,446,446
WRK_0568,39,39
WRK_0569,48,48
WRK_0570,221,221
WRK_0571,51,51
WRK_0572,523,523
WRK_0573,1736,1736
WRK_0574,284,284
WRK_0575,114,114
WRK_0576,28,28
WRK_0577,750,750
WRK_0578,104,104
WRK_0579,7,7
WRK_0580,55,55
WRK_0581,154,154
WRK_0582,2,2
WRK_0583,16,16
WRK_0584,239,239
WRK_0585,254,254
WRK_0586,15,15
WRK_0587,257,257
WRK_0588,334,334
WRK_0589,44,44
WRK_0590,542,542
WRK_0591,1505,1505
WRK_0592,15,15
WRK_0593,8,8
WRK_0594,94,94
WRK_0595,136,136
WRK_0596,8,8
WRK_0597,60,60
WRK_0598,112,112
WRK_0599,0,0
WRK_0600,268,268
WRK_0601,120,120
WRK_0602,246,246
WRK_0603,173,173
WRK_0604,96,96
WRK_0605,168,168
WRK_0606,340,340
WRK_0607,21,21
WRK_0608,33,33
WRK_0609,17,17
WRK_0610,19,19
WRK_0611,14,14
WRK_0612,156,156
WRK_0613,156,156
WRK_0614,26,26
WRK_0615,36,36
WRK_0616,9,9
WRK_0617,605,605
WRK_0618,46,46
WRK_0619,5,5
WRK_0620,36,36
WRK_0621,206,206
WRK_0622,73,73
WRK_0623,47,47
WRK_0624,155,155
WRK_0625,69,69
WRK_0626,19,19
WRK_0627,0,0
WRK_0628,72,72
WRK_0629,146,146
WRK_0630,33,33
WRK_0631,183,183
WRK_0632,231,231
WRK_0633,21,21
WRK_0634,0,0
WRK_0635,38,38
WRK_0636,237,237
WRK_0637,376,376
WRK_0638,921,921
WRK_0639,15341,15341
WRK_0640,313,313
WRK_0641,16,16
WRK_0642,13,13
WRK_0643,443,443
WRK_0644,165,165
WRK_0645,1781,1781
WRK_0646,486,486
WRK_0647,472,472
WRK_0648,501,501
WRK_0649,111,111
WRK_0650,360,360
WRK_0651,63,63
WRK_0652,28,28
WRK_0653,8,8
WRK_0654,39,39
WRK_0655,3,3
WRK_0656,138,138
WRK_0657,884,884
WRK_0658,101,101
WRK_0659,32,32
WRK_0660,5,5
WRK_0661,11,11
WRK_0662,6,6
WRK_0663,3,3
WRK_0664,17,17
WRK_0665,1,1
WRK_0666,42,42
WRK_0667,544,544
WRK_0668,35,35
WRK_0669,862,862
WRK_0670,371,371
WRK_0671,1042,1042
WRK_0672,1108,1108
WRK_0673,37,37
WRK_0674,0,0
WRK_0675,1328,1328
WRK_0676,892,892
WRK_0677,166,166
WRK_0678,96,96
WRK_0679,3,3
WRK_0680,422,422
WRK_0681,567,567
WRK_0682,298,298
WRK_0683,413,413
WRK_0684,1544,1544
WRK_0685,189,189
WRK_0686,0,0
WRK_0687,369,369
WRK_0688,274,274
WRK_0689,109,109
WRK_0690,324,324
WRK_0691,2846,2846
WRK_0692,1860,1860
WRK_0693,36,36
WRK_0694,24,24
WRK_0695,484,484
WRK_0696,2,2
WRK_0697,34,34
WRK_0698,517,517
WRK_0699,364,364
WRK_0700,256,256
WRK_0701,104,104
WRK_0702,5,5
WRK_0703,148,148
WRK_0704,421,421
WRK_0705,0,0
WRK_0706,10,10
WRK_0707,42,42
WRK_0708,1904,1904
WRK_0709,245,245
WRK_0710,8,8
WRK_0711,755,755
WRK_0712,685,685
WRK_0713,31,31
WRK_0714,21,21
WRK_0715,15,15
WRK_0716,976,976
WRK_0717,253,253
WRK_0718,41,41
WRK_0719,11,11
WRK_0720,1,1
WRK_0721,0,0
WRK_0722,246,246
WRK_0723,313,313
WRK_0724,66,66
WRK_0725,50,50
WRK_0726,27,27
WRK_0727,202,202
WRK_0728,861,861
WRK_0729,1331,1331
WRK_0730,404,404
WRK_0731,91,91
WRK_0732,0,0
WRK_0733,51,51
WRK_0734,90,90
WRK_0735,147,147
WRK_0736,887,887
WRK_0737,2369,2369
WRK_0738,77,77
WRK_0739,3,3
WRK_0740,6,6
WRK_0741,0,0
WRK_0742,251,251
WRK_0743,134,134
WRK_0744,46,46
WRK_0745,19,19
WRK_0746,1437,1437
WRK_0747,4875,4875
WRK_0748,9538,9538
WRK_0749,3280,3280
WRK_0750,4245,4245
WRK_0751,5278,5278
WRK_0752,2848,2848
WRK_0753,253,253
WRK_0754,4328,4328
WRK_0755,3,3
WRK_0756,3,3
WRK_0757,2,2
WRK_0758,30,30
WRK_0759,0,0
WRK_0760,5,5
WRK_0761,2,2
WRK_0762,1212,1212
WRK_0763,3880,3880
WRK_0764,43,43
WRK_0765,2775,2775
WRK_0766,16960,16960
WRK_0767,2359,2359
WRK_0768,2309,2309
WRK_0769,5057,5057
WRK_0770,1116,1116
WRK_0771,2,2
WRK_0772,409,409
WRK_0773,81,81
WRK_0774,122,122
WRK_0775,32393,32393
WRK_0776,26975,26975
WRK_0777,3262,3262
WRK_0778,158,158
WRK_0779,271,271
WRK_0780,4468,4468
WRK_0781,28614,28614
WRK_0782,16123,16123
WRK_0783,10639,10639
WRK_0784,757,757
WRK_0785,347,347
WRK_0786,679,679
WRK_0787,3260,3260
WRK_0788,4383,4383
WRK_0789,12823,12823
WRK_0790,6135,6135
WRK_0791,4903,4903
WRK_0792,3606,3606
WRK_0793,527,527
WRK_0794,63,63
WRK_0795,60,60
WRK_0796,3332,3332
WRK_0797,2781,2781
WRK_0798,5498,5498
WRK_0799,1866,1866
WRK_0800,687,687
WRK_0801,460,460
WRK_0802,2980,2980
WRK_0803,1379,1379
WRK_0804,2826,2826
WRK_0805,2365,2365
WRK_0806,2269,2269
WRK_0807,760,760
WRK_0808,21,21
WRK_0809,410,410
WRK_0810,770,770
WRK_0811,4892,4892
WRK_0812,144,144
WRK_0813,1210,1210
WRK_0814,2220,2220
WRK_0815,1555,1555
WRK_0816,2155,2155
WRK_0817,3,3
WRK_0818,1232,1232
WRK_0819,354,354
WRK_0820,2581,2581
WRK_0821,37,37
WRK_0822,83,83
WRK_0823,920,920
WRK_0824,816,816
WRK_0825,282,282
WRK_0826,26,26
WRK_0827,1415,1415
WRK_0828,2897,2897
WRK_0829,492,492
WRK_0830,1,1
WRK_0831,0,0
WRK_0832,765,765
WRK_0833,65,65
WRK_0834,884,884
WRK_0835,1316,1316
WRK_0836,41,41
WRK_0837,67,67
WRK_0838,84,84
WRK_0839,38,38
WRK_0840,47,47
WRK_0841,157,157
WRK_0842,102,102
WRK_0843,413,413
WRK_0844,21,21
WRK_0845,498,498
WRK_0846,21,21
WRK_0847,88,88
WRK_0848,272,272
WRK_0849,5,5
WRK_0850,5,5
WRK_0851,21,21
WRK_0852,14,14
WRK_0853,69,69
WRK_0854,339,339
WRK_0855,536,536
WRK_0856,581,581
WRK_0857,167,167
WRK_0858,18,18
WRK_0859,10,10
WRK_0860,42,42
WRK_0861,36,36
WRK_0862,2250,2250
WRK_0863,1603,1603
WRK_0864,1597,1597
WRK_0865,714,714
WRK_0866,45,45
WRK_0867,52,52
WRK_0868,47,47
WRK_0869,49,49
WRK_0870,0,0
WRK_0871,2,2
WRK_0872,445,445
WRK_0873,1308,1308
WRK_0874,3781,3781
WRK_0875,951,951
WRK_0876,26,26
WRK_0877,49,49
WRK_0878,50,50
WRK_0879,9,9
WRK_0880,5,5
WRK_0881,7,7
WRK_0882,357,357
WRK_0883,1346,1346
WRK_0884,159,159
WRK_0885,5,5
WRK_0886,114,114
WRK_0887,36,36
WRK_0888,4,4
WRK_0889,56,56
WRK_0890,502,502
WRK_0891,366,366
WRK_0892,275,275
WRK_0893,93,93
WRK_0894,1,1
WRK_0895,19,19
WRK_0896,70,70
WRK_0897,134,134
WRK_0898,411,411
WRK_0899,2512,2512
WRK_0900,986,986
WRK_0901,76,76
WRK_0902,11,11
WRK_0903,5,5
WRK_0904,12,12
WRK_0905,1407,1407
WRK_0906,1872,1872
WRK_0907,276,276
WRK_0908,79,79
WRK_0909,520,520
WRK_0910,1400,1400
WRK_0911,361,361
WRK_0912,19,19
WRK_0913,4,4
WRK_0914,17,17
WRK_0915,0,0
WRK_0916,41,41
WRK_0917,3192,3192
WRK_0918,1703,1703
WRK_0919,1180,1180
WRK_0920,2621,2621
WRK_0921,3073,3073
WRK_0922,1419,1419
WRK_0923,16,16
WRK_0924,45,45
WRK_0925,58,58
WRK_0926,16,16
WRK_0927,1,1
WRK_0928,2616,2616
WRK_0929,1921,1921
WRK_0930,3774,3774
WRK_0931,1769,1769
WRK_0932,118,118
WRK_0933,166,166
WRK_0934,262,262
WRK_0935,7,7
WRK_0936,0,0
WRK_0937,7,7
WRK_0938,412,412
WRK_0939,2936,2936
WRK_0940,4234,4234
WRK_0941,247,247
WRK_0942,66,66
WRK_0943,36,36
WRK_0944,39,39
WRK_0945,5,5
WRK_0946,230,230
WRK_0947,8,8
WRK_0948,149,149
WRK_0949,5960,5960
WRK_0950,4830,4830
WRK_0951,2880,2880
WRK_0952,226,226
WRK_0953,1344,1344
WRK_0954,774,774
WRK_0955,2,2
WRK_0956,459,459
WRK_0957,5,5
WRK_0958,88,88
WRK_0959,12826,12826
WRK_0960,8879,8879
WRK_0961,4695,4695
WRK_0962,2246,2246
WRK_0963,2297,2297
WRK_0964,3262,3262
WRK_0965,128,128
WRK_0966,139,139
WRK_0967,10,10
WRK_0968,0,0
WRK_0969,7098,7098
WRK_0970,30764,30764
WRK_0971,4867,4867
WRK_0972,4146,4146
WRK_0973,1886,1886
WRK_0974,722,722
WRK_0975,1287,1287
WRK_0976,1725,1725
WRK_0977,17,17
WRK_0978,23,23
WRK_0979,0,0
WRK_0980,3057,3057
WRK_0981,10770,10770
WRK_0982,5599,5599
WRK_0983,1367,1367
WRK_0984,2318,2318
WRK_0985,2228,2228
WRK_0986,794,794
WRK_0987,266,266
WRK_0988,3,3
WRK_0989,0,0
WRK_0990,1,1
WRK_0991,8,8
WRK_0992,11,11
WRK_0993,1177,1177
WRK_0994,4426,4426
WRK_0995,149,149
WRK_0996,8,8
WRK_0997,1153,1153
WRK_0998,811,811
WRK_0999,98,98
WRK_1000,160,160
WRK_1001,29,29
WRK_1002,78,78
WRK_1003,11,11
WRK_1004,27,27
WRK_1005,524,524
WRK_1006,33,33
WRK_1007,192,192
WRK_1008,17,17
WRK_1009,31,31
WRK_1010,525,525
WRK_1011,80,80
WRK_1012,132,132
WRK_1013,57,57
WRK_1014,68,68
WRK_1015,55,55
WRK_1016,7,7
WRK_1017,84,84
WRK_1018,73,73
WRK_1019,113,113
WRK_1020,0,0
WRK_1021,14,14
WRK_1022,9,9
WRK_1023,28,28
WRK_1024,275,275
WRK_1025,76,76
WRK_1026,87,87
WRK_1027,14,14
WRK_1028,5,5
WRK_1029,59,59
WRK_1030,41,41
WRK_1031,16,16
WRK_1032,80,80
WRK_1033,80,80
WRK_1034,44,44
WRK_1035,20,20
WRK_1036,25,25
WRK_1037,5,5
WRK_1038,9,9
WRK_1039,35,35
WRK_1040,117,117
WRK_1041,27,27
WRK_1042,61,61
WRK_1043,50,50
WRK_1044,36,36
WRK_1045,272,272
WRK_1046,0,0
WRK_1047,36,36
WRK_1048,178,178
WRK_1049,48,48
WRK_1050,36,36
WRK_1051,38,38
WRK_1052,9,9
WRK_1053,14,14
WRK_1054,38,38
WRK_1055,337,337
WRK_1056,22,22
WRK_1057,14,14
WRK_1058,10,10
WRK_1059,25,25
WRK_1060,14,14
WRK_1061,82,82
WRK_1062,30,30
WRK_1063,1,1
WRK_1064,55,55
WRK_1065,342,342
WRK_1066,9,9
WRK_1067,31,31
WRK_1068,46,46
WRK_1069,11,11
WRK_1070,1616,1616
WRK_1071,1270,1270
WRK_1072,5643,5643
WRK_1073,176,176
WRK_1074,28,28
WRK_1075,13,13
WRK_1076,1196,1196
WRK_1077,1784,1784
WRK_1078,255,255
WRK_1079,1392,1392
WRK_1080,39,39
WRK_1081,30,30
WRK_1082,236,236
WRK_1083,137,137
WRK_1084,82,82
WRK_1085,231,231
WRK_1086,105,105
WRK_1087,5,5
WRK_1088,10,10
WRK_1089,176,176
WRK_1090,14,14
WRK_1091,5,5
WRK_1092,5,5
WRK_1093,33,33
WRK_1094,5,5
WRK_1095,5,5
WRK_1096,5,5
WRK_1097,5,5
WRK_1098,29,29
WRK_1099,11,11
WRK_1100,5,5
WRK_1101,0,0
WRK_1102,10,10
WRK_1103,5,5
WRK_1104,23,23
WRK_1105,2625,2625
WRK_1106,2,2
WRK_1107,5,5
WRK_1108,5,5
WRK_1109,19,19
WRK_1110,10,10
WRK_1111,28,28
WRK_1112,5,5
WRK_1113,5,5
WRK_1114,35,35
WRK_1115,891,891
WRK_1116,31,31
WRK_1117,18,18
WRK_1118,27,27
WRK_1119,15,15
WRK_1120,5,5
WRK_1121,163,163
WRK_1122,272,272
WRK_1123,13,13
WRK_1124,9,9
WRK_1125,2,2
WRK_1126,148,148
WRK_1127,12,12
WRK_1128,40,40
WRK_1129,19,19
WRK_1130,33,33
WRK_1131,30,30
WRK_1132,26,26
WRK_1133,10,10
WRK_1134,515,515
WRK_1135,22,22
WRK_1136,14,14
WRK_1137,10,10
WRK_1138,3,3
WRK_1139,192,192
WRK_1140,6,6
WRK_1141,136,136
WRK_1142,39,39
WRK_1143,29,29
WRK_1144,5,5
WRK_1145,423,423
WRK_1146,8,8
WRK_1147,0,0
WRK_1148,660,660
WRK_1149,5,5
WRK_1150,15,15
WRK_1151,5,5
WRK_1152,19,19
WRK_1153,61,61
WRK_1154,23,23
WRK_1155,11,11
WRK_1156,14,14
WRK_1157,108,108
WRK_1158,20,20
WRK_1159,0,0
WRK_1160,2,2
WRK_1161,5,5
WRK_1162,10,10
WRK_1163,9,9
WRK_1164,76,76
WRK_1165,16,16
WRK_1166,13,13
WRK_1167,15,15
WRK_1168,2,2
WRK_1169,5,5
WRK_1170,7,7
WRK_1171,1,1
WRK_1172,132,132
WRK_1173,39,39
WRK_1174,5,5
WRK_1175,37,37
WRK_1176,109,109
WRK_1177,70,70
WRK_1178,1197,1197
WRK_1179,76,76
WRK_1180,2,2
WRK_1181,48,48
WRK_1182,1022,1022
WRK_1183,1301,1301
WRK_1184,5,5
WRK_1185,5,5
WRK_1186,0,0
WRK_1187,4,4
WRK_1188,12,12
WRK_1189,229,229
WRK_1190,133,133
WRK_1191,112,112
WRK_1192,293,293
WRK_1193,168,168
WRK_1194,179,179
WRK_1195,957,957
WRK_1196,2938,2938
WRK_1197,626,626
WRK_1198,61,61
WRK_1199,107,107
WRK_1200,249,249
WRK_1201,2102,2102
WRK_1202,4472,4472
WRK_1203,4730,4730
WRK_1204,588,588
WRK_1205,909,909
WRK_1206,1454,1454
WRK_1207,8024,8024
WRK_1208,2241,2241
WRK_1209,425,425
WRK_1210,3,3
WRK_1211,531,531
WRK_1212,186,186
WRK_1213,557,557
WRK_1214,274,274
WRK_1215,56,56
WRK_1216,187,187
WRK_1217,95,95
WRK_1218,2,2
WRK_1219,9,9
WRK_1220,116,116
WRK_1221,23,23
WRK_1222,2653,2653
WRK_1223,498,498
WRK_1224,3792,3792
WRK_1225,2032,2032
WRK_1226,21,21
WRK_1227,3,3
WRK_1228,1586,1586
WRK_1229,1245,1245
WRK_1230,33,33
WRK_1231,108,108
WRK_1232,2005,2005
WRK_1233,330,330
WRK_1234,1,1
WRK_1235,1301,1301
WRK_1236,3403,3403
WRK_1237,2478,2478
WRK_1238,433,433
WRK_1239,3091,3091
WRK_1240,2598,2598
WRK_1241,2995,2995
WRK_1242,10,10
WRK_1243,31,31
WRK_1244,158,158
WRK_1245,1247,1247
WRK_1246,2024,2024
WRK_1247,2389,2389
WRK_1248,4567,4567
WRK_1249,10996,10996
WRK_1250,6032,6032
WRK_1251,855,855
WRK_1252,247,247
WRK_1253,17,17
WRK_1254,406,406
WRK_1255,741,741
WRK_1256,186,186
WRK_1257,1013,1013
WRK_1258,6029,6029
WRK_1259,2016,2016
WRK_1260,1602,1602
WRK_1261,1017,1017
WRK_1262,1466,1466
WRK_1263,128,128
WRK_1264,350,350
WRK_1265,1140,1140
WRK_1266,4239,4239
WRK_1267,1040,1040
WRK_1268,1083,1083
WRK_1269,2639,2639
WRK_1270,3112,3112
WRK_1271,1705,1705
WRK_1272,92,92
WRK_1273,458,458
WRK_1274,162,162
WRK_1275,2547,2547
WRK_1276,599,599
WRK_1277,1707,1707
WRK_1278,118,118
WRK_1279,536,536
WRK_1280,3155,3155
WRK_1281,5054,5054
WRK_1282,38,38
WRK_1283,2465,2465
WRK_1284,2188,2188
WRK_1285,186,186
WRK_1286,1728,1728
WRK_1287,881,881
WRK_1288,6629,6629
WRK_1289,871,871
WRK_1290,928,928
WRK_1291,4812,4812
WRK_1292,1693,1693
WRK_1293,2383,2383
WRK_1294,3236,3236
WRK_1295,196,196
WRK_1296,1307,1307
WRK_1297,497,497
WRK_1298,688,688
WRK_1299,4127,4127
WRK_1300,1508,1508
WRK_1301,231,231
WRK_1302,4099,4099
WRK_1303,4557,4557
WRK_1304,3763,3763
WRK_1305,847,847
WRK_1306,212,212
WRK_1307,39,39
WRK_1308,996,996
WRK_1309,798,798
WRK_1310,273,273
WRK_1311,2186,2186
WRK_1312,93,93
WRK_1313,841,841
WRK_1314,4300,4300
WRK_1315,4579,4579
WRK_1316,917,917
WRK_1317,47,47
WRK_1318,39,39
WRK_1319,52,52
WRK_1320,427,427
WRK_1321,356,356
WRK_1322,1666,1666
WRK_1323,1258,1258
WRK_1324,1388,1388
WRK_1325,1166,1166
WRK_1326,3927,3927
WRK_1327,3509,3509
WRK_1328,5531,5531
WRK_1329,667,667
WRK_1330,257,257
WRK_1331,625,625
WRK_1332,62,62
WRK_1333,160,160
WRK_1334,375,375
WRK_1335,24,24
WRK_1336,534,534
WRK_1337,32,32
WRK_1338,232,232
WRK_1339,1241,1241
WRK_1340,2521,2521
WRK_1341,6548,6548
WRK_1342,21354,21354
WRK_1343,7557,7557
WRK_1344,4881,4881
WRK_1345,1059,1059
WRK_1346,1132,1132
WRK_1347,127,127
WRK_1348,84,84
WRK_1349,60,60
WRK_1350,249,249
WRK_1351,2814,2814
WRK_1352,664,664
WRK_1353,890,890
WRK_1354,84,84
WRK_1355,30,30
WRK_1356,4279,4279
WRK_1357,3818,3818
WRK_1358,7477,7477
WRK_1359,2994,2994
WRK_1360,3338,3338
WRK_1361,1366,1366
WRK_1362,1040,1040
WRK_1363,16,16
WRK_1364,1,1
WRK_1365,30,30
WRK_1366,10,10
WRK_1367,697,697
WRK_1368,376,376
WRK_1369,26,26
WRK_1370,3,3
WRK_1371,43,43
WRK_1372,1,1
WRK_1373,165,165
WRK_1374,2560,2560
WRK_1375,2992,2992
WRK_1376,3283,3283
WRK_1377,2430,2430
WRK_1378,4380,4380
WRK_1379,2508,2508
WRK_1380,50,50
WRK_1381,302,302
WRK_1382,3125,3125
WRK_1383,4,4
WRK_1384,0,0
WRK_1385,25,25
WRK_1386,310,310
WRK_1387,1089,1089
WRK_1388,278,278
WRK_1389,1094,1094
WRK_1390,3412,3412
WRK_1391,1128,1128
WRK_1392,601,601
WRK_1393,234,234
WRK_1394,1226,1226
WRK_1395,1661,1661
WRK_1396,1170,1170
WRK_1397,473,473
WRK_1398,31,31
WRK_1399,1,1
WRK_1400,28,28
WRK_1401,60,60
WRK_1402,16,16
WRK_1403,219,219
WRK_1404,4643,4643
WRK_1405,2346,2346
WRK_1406,49,49
WRK_1407,206,206
WRK_1408,39,39
WRK_1409,6367,6367
WRK_1410,1933,1933
WRK_1411,1872,1872
WRK_1412,1594,1594
WRK_1413,1173,1173
WRK_1414,97,97
WRK_1415,434,434
WRK_1416,2758,2758
WRK_1417,6967,6967
WRK_1418,2624,2624
WRK_1419,7142,7142
WRK_1420,107,107
WRK_1421,1,1
WRK_1422,9517,9517
WRK_1423,7671,7671
WRK_1424,50,50
WRK_1425,968,968
WRK_1426,53,53
WRK_1427,1,1
WRK_1428,10,10
WRK_1429,5230,5230
WRK_1430,5556,5556
WRK_1431,4170,4170
WRK_1432,3356,3356
WRK_1433,748,748
WRK_1434,2954,2954
WRK_1435,13082,13082
WRK_1436,73,73
WRK_1437,2444,2444
WRK_1438,65,65
WRK_1439,2859,2859
WRK_1440,13779,13779
WRK_1441,8205,8205
WRK_1442,4148,4148
WRK_1443,100,100
WRK_1444,375,375
WRK_1445,10561,10561
WRK_1446,2503,2503
WRK_1447,1176,1176
WRK_1448,28,28
WRK_1449,29,29
WRK_1450,274,274
WRK_1451,4270,4270
WRK_1452,8377,8377
WRK_1453,9193,9193
WRK_1454,326,326
WRK_1455,3,3
WRK_1456,1549,1549
WRK_1457,2531,2531
WRK_1458,4369,4369
WRK_1459,83,83
WRK_1460,188,188
WRK_1461,123,123
WRK_1462,254,254
WRK_1463,4594,4594
WRK_1464,7032,7032
WRK_1465,5282,5282
WRK_1466,121,121
WRK_1467,3310,3310
WRK_1468,3614,3614
WRK_1469,4701,4701
WRK_1470,16,16
WRK_1471,922,922
WRK_1472,410,410
WRK_1473,4456,4456
WRK_1474,7940,7940
WRK_1475,1914,1914
WRK_1476,1074,1074
WRK_1477,1142,1142
WRK_1478,18,18
WRK_1479,3179,3179
WRK_1480,152,152
WRK_1481,3757,3757
WRK_1482,1393,1393
WRK_1483,161,161
WRK_1484,776,776
WRK_1485,2532,2532
WRK_1486,142,142
WRK_1487,1842,1842
WRK_1488,2213,2213
WRK_1489,205,205
WRK_1490,206,206
WRK_1491,5242,5242
WRK_1492,4063,4063
WRK_1493,54,54
WRK_1494,8414,8414
WRK_1495,288,288
WRK_1496,5314,5314
WRK_1497,7807,7807
WRK_1498,6822,6822
WRK_1499,4708,4708
WRK_1500,4715,4715
WRK_1501,656,656
WRK_1502,1461,1461
WRK_1503,87,87
WRK_1504,933,933
WRK_1505,2377,2377
WRK_1506,2305,2305
WRK_1507,4199,4199
WRK_1508,157,157
WRK_1509,677,677
WRK_1510,9588,9588
WRK_1511,466,466
WRK_1512,20067,20067
WRK_1513,3929,3929
WRK_1514,5736,5736
WRK_1515,11106,11106
WRK_1516,11804,11804
WRK_1517,1042,1042
WRK_1518,2004,2004
WRK_1519,3784,3784
WRK_1520,4510,4510
WRK_1521,5192,5192
WRK_1522,5981,5981
WRK_1523,3129,3129
WRK_1524,2190,2190
WRK_1525,714,714
WRK_1526,13370,13370
WRK_1527,16954,16954
WRK_1528,1491,1491
WRK_1529,6647,6647
WRK_1530,5923,5923
WRK_1531,14879,14879
WRK_1532,6260,6260
WRK_1533,3398,3398
WRK_1534,4767,4767
WRK_1535,9140,9140
WRK_1536,5644,5644
WRK_1537,4249,4249
WRK_1538,5457,5457
WRK_1539,7754,7754
WRK_1540,5433,5433
WRK_1541,874,874
WRK_1542,20671,20671
WRK_1543,3791,3791
WRK_1544,2298,2298
WRK_1545,10569,10569
WRK_1546,12927,12927
WRK_1547,4436,4436
WRK_1548,1070,1070
WRK_1549,2743,2743
WRK_1550,3967,3967
WRK_1551,15506,15506
WRK_1552,6638,6638
WRK_1553,7251,7251
WRK_1554,5706,5706
WRK_1555,14406,14406
WRK_1556,4608,4608
WRK_1557,3545,3545
WRK_1558,10812,10812
WRK_1559,2153,2153
WRK_1560,11089,11089
WRK_1561,3160,3160
WRK_1562,4124,4124
WRK_1563,4215,4215
WRK_1564,2,2
WRK_1565,119,119
WRK_1566,9172,9172
WRK_1567,14207,14207
WRK_1568,4755,4755
WRK_1569,7483,7483
WRK_1570,5594,5594
WRK_1571,5919,5919
WRK_1572,8567,8567
WRK_1573,11770,11770
WRK_1574,6884,6884
WRK_1575,2862,2862
WRK_1576,22,22
WRK_1577,2,2
WRK_1578,3,3
WRK_1579,246,246
WRK_1580,52,52
WRK_1581,3739,3739
WRK_1582,6472,6472
WRK_1583,4663,4663
WRK_1584,3119,3119
WRK_1585,8586,8586
WRK_1586,7835,7835
WRK_1587,13964,13964
WRK_1588,8383,8383
WRK_1589,6,6
WRK_1590,9772,9772
WRK_1591,1033,1033
WRK_1592,1341,1341
WRK_1593,29,29
WRK_1594,1031,1031
WRK_1595,8276,8276
WRK_1596,8987,8987
WRK_1597,5342,5342
WRK_1598,3873,3873
WRK_1599,8536,8536
WRK_1600,8170,8170
WRK_1601,12072,12072
WRK_1602,5515,5515
WRK_1603,0,0
WRK_1604,331,331
WRK_1605,35,35
WRK_1606,747,747
WRK_1607,45,45
WRK_1608,15,15
WRK_1609,2783,2783
WRK_1610,16998,16998
WRK_1611,13050,13050
WRK_1612,13198,13198
WRK_1613,5800,5800
WRK_1614,5976,5976
WRK_1615,13350,13350
WRK_1616,12538,12538
WRK_1617,2228,2228
WRK_1618,849,849
WRK_1619,43,43
WRK_1620,297,297
WRK_1621,112,112
WRK_1622,5,5
WRK_1623,454,454
WRK_1624,4765,4765
WRK_1625,19293,19293
WRK_1626,9609,9609
WRK_1627,9731,9731
WRK_1628,9875,9875
WRK_1629,9020,9020
WRK_1630,27876,27876
WRK_1631,19937,19937
WRK_1632,0,0
WRK_1633,6207,6207
WRK_1634,5815,5815
WRK_1635,33,33
WRK_1636,2965,2965
WRK_1637,9234,9234
WRK_1638,11708,11708
WRK_1639,14380,14380
WRK_1640,16142,16142
WRK_1641,12089,12089
WRK_1642,32078,32078
WRK_1643,26522,26522
WRK_1644,9745,9745
WRK_1645,193,193
WRK_1646,2785,2785
WRK_1647,5089,5089
WRK_1648,839,839
WRK_1649,2962,2962
WRK_1650,17666,17666
WRK_1651,15382,15382
WRK_1652,15400,15400
WRK_1653,9824,9824
WRK_1654,10951,10951
WRK_1655,31819,31819
WRK_1656,14833,14833
WRK_1657,2425,2425
WRK_1658,915,915
WRK_1659,169,169
WRK_1660,529,529
WRK_1661,17335,17335
WRK_1662,7104,7104
WRK_1663,198,198
WRK_1664,4,4
WRK_1665,19797,19797
WRK_1666,46612,46612
WRK_1667,19605,19605
WRK_1668,19873,19873
WRK_1669,4029,4029
WRK_1670,1944,1944
WRK_1671,88,88
WRK_1672,662,662
WRK_1673,1845,1845
WRK_1674,6364,6364
WRK_1675,38,38
WRK_1676,247,247
WRK_1677,21548,21548
WRK_1678,5664,5664
WRK_1679,3834,3834
WRK_1680,840,840
WRK_1681,13723,13723
WRK_1682,101484,101484
WRK_1683,31328,31328
WRK_1684,11076,11076
WRK_1685,4266,4266
WRK_1686,329,329
WRK_1687,184,184
WRK_1688,3392,3392
WRK_1689,877,877
WRK_1690,30649,30649
WRK_1691,7889,7889
WRK_1692,27009,27009
WRK_1693,4896,4896
WRK_1694,5355,5355
WRK_1695,21124,21124
WRK_1696,24205,24205
WRK_1697,391,391
WRK_1698,1765,1765
WRK_1699,9980,9980
WRK_1700,1566,1566
WRK_1701,3559,3559
WRK_1702,32396,32396
WRK_1703,44694,44694
WRK_1704,36964,36964
WRK_1705,24772,24772
WRK_1706,125331,125331
WRK_1707,165844,165844
WRK_1708,375,375
WRK_1709,3672,3672
WRK_1710,8736,8736
WRK_1711,5277,5277
WRK_1712,27,27
WRK_1713,5685,5685
WRK_1714,11891,11891
WRK_1715,2373,2373
WRK_1716,10102,10102
WRK_1717,126656,126656
WRK_1718,123345,123345
WRK_1719,1148,1148
WRK_1720,1896,1896
WRK_1721,124,124
WRK_1722,2989,2989
WRK_1723,21,21
WRK_1724,108,108
WRK_1725,27,27
WRK_1726,4,4
WRK_1727,992,992
WRK_1728,172,172
WRK_1729,89,89
WRK_1730,11,11
WRK_1731,1841,1841
WRK_1732,3316,3316
WRK_1733,4312,4312
WRK_1734,53,53
WRK_1735,2513,2513
WRK_1736,3308,3308
WRK_1737,6026,6026
WRK_1738,2104,2104
WRK_1739,86,86
WRK_1740,210,210
WRK_1741,568,568
WRK_1742,2032,2032
WRK_1743,5336,5336
WRK_1744,5100,5100
WRK_1745,2593,2593
WRK_1746,71,71
WRK_1747,129,129
WRK_1748,52,52
WRK_1749,147,147
WRK_1750,31,31
WRK_1751,1098,1098
WRK_1752,8566,8566
WRK_1753,19647,19647
WRK_1754,3439,3439
WRK_1755,789,789
WRK_1756,325,325
WRK_1757,88,88
WRK_1758,909,909
WRK_1759,544,544
WRK_1760,218,218
WRK_1761,4457,4457
WRK_1762,7659,7659
WRK_1763,3537,3537
WRK_1764,3300,3300
WRK_1765,561,561
WRK_1766,460,460
WRK_1767,2056,2056
WRK_1768,3469,3469
WRK_1769,2544,2544
WRK_1770,2818,2818
WRK_1771,5598,5598
WRK_1772,4492,4492
WRK_1773,5800,5800
WRK_1774,2382,2382
WRK_1775,6,6
WRK_1776,332,332
WRK_1777,1075,1075
WRK_1778,2720,2720
WRK_1779,3192,3192
WRK_1780,8159,8159
WRK_1781,9587,9587
WRK_1782,4057,4057
WRK_1783,2794,2794
WRK_1784,274,274
WRK_1785,587,587
WRK_1786,1,1
WRK_1787,1433,1433
WRK_1788,1770,1770
WRK_1789,756,756
WRK_1790,2459,2459
WRK_1791,5917,5917
WRK_1792,9648,9648
WRK_1793,4638,4638
WRK_1794,2407,2407
WRK_1795,296,296
WRK_1796,167,167
WRK_1797,88,88
WRK_1798,1975,1975
WRK_1799,1757,1757
WRK_1800,911,911
WRK_1801,25,25
WRK_1802,541,541
WRK_1803,3352,3352
WRK_1804,3619,3619
WRK_1805,5921,5921
WRK_1806,1993,1993
WRK_1807,196,196
WRK_1808,2,2
WRK_1809,92,92
WRK_1810,8,8
WRK_1811,17,17
WRK_1812,72,72
WRK_1813,950,950
WRK_1814,3275,3275
WRK_1815,3125,3125
WRK_1816,4625,4625
WRK_1817,2514,2514
WRK_1818,1030,1030
WRK_1819,22,22
WRK_1820,9,9
WRK_1821,811,811
WRK_1822,1200,1200
WRK_1823,403,403
WRK_1824,1123,1123
WRK_1825,2850,2850
WRK_1826,4977,4977
WRK_1827,1065,1065
WRK_1828,13,13
WRK_1829,5,5
WRK_1830,16,16
WRK_1831,1230,1230
WRK_1832,518,518
WRK_1833,107,107
WRK_1834,740,740
WRK_1835,281,281
WRK_1836,537,537
WRK_1837,401,401
WRK_1838,5,5
WRK_1839,183,183
WRK_1840,69,69
WRK_1841,272,272
WRK_1842,76,76
WRK_1843,5,5
WRK_1844,11,11
WRK_1845,19,19
WRK_1846,41,41
WRK_1847,135,135
WRK_1848,5,5
WRK_1849,122,122
WRK_1850,3205,3205
WRK_1851,1525,1525
WRK_1852,2777,2777
WRK_1853,4550,4550
WRK_1854,5882,5882
WRK_1855,1058,1058
WRK_1856,7490,7490
WRK_1857,11829,11829
WRK_1858,8135,8135
WRK_1859,2578,2578
WRK_1860,2516,2516
WRK_1861,8880,8880
WRK_1862,22088,22088
WRK_1863,5158,5158
WRK_1864,321,321
WRK_1865,4781,4781
WRK_1866,3544,3544
WRK_1867,3189,3189
WRK_1868,149,149
WRK_1869,41,41
WRK_1870,5081,5081
WRK_1871,1848,1848
WRK_1872,2888,2888
WRK_1873,460,460
WRK_1874,2,2
WRK_1875,28,28
WRK_1876,5,5
WRK_1877,132,132
WRK_1878,66,66
WRK_1879,0,0
WRK_1880,346,346
WRK_1881,75,75
WRK_1882,14,14
WRK_1883,16,16
WRK_1884,12,12
WRK_1885,26,26
WRK_1886,3,3
WRK_1887,25,25
WRK_1888,5,5
WRK_1889,39,39
WRK_1890,59,59
WRK_1891,35,35
WRK_1892,25,25
WRK_1893,9,9
WRK_1894,28,28
WRK_1895,9,9
WRK_1896,28,28
WRK_1897,134,134
WRK_1898,18,18
WRK_1899,0,0
WRK_1900,0,0
WRK_1901,0,0
WRK_1902,39,39
WRK_1903,42,42
WRK_1904,19,19
WRK_1905,176,176
WRK_1906,94,94
WRK_1907,35,35
WRK_1908,2337,2337
WRK_1909,186,186
WRK_1910,5,5
WRK_1911,3,3
WRK_1912,1314,1314
WRK_1913,7,7
WRK_1914,115,115
WRK_1915,8,8
WRK_1916,5,5
WRK_1917,11,11
WRK_1918,470,470
WRK_1919,3611,3611
WRK_1920,111,111
WRK_1921,294,294
WRK_1922,163,163
WRK_1923,38,38
WRK_1924,45,45
WRK_1925,20,20
WRK_1926,80,80
WRK_1927,32,32
WRK_1928,5,5
WRK_1929,279,279
WRK_1930,272,272
WRK_1931,3530,3530
WRK_1932,503,503
WRK_1933,4,4
WRK_1934,25,25
WRK_1935,38,38
WRK_1936,62,62
WRK_1937,49,49
WRK_1938,80,80
WRK_1939,83,83
WRK_1940,58,58
WRK_1941,1,1
WRK_1942,1125,1125
WRK_1943,1686,1686
WRK_1944,161,161
WRK_1945,360,360
WRK_1946,512,512
WRK_1947,209,209
WRK_1948,411,411
WRK_1949,131,131
WRK_1950,351,351
WRK_1951,156,156
WRK_1952,57,57
WRK_1953,101,101
WRK_1954,10,10
WRK_1955,13,13
WRK_1956,16,16
WRK_1957,5,5
WRK_1958,50,50
WRK_1959,96,96
WRK_1960,79,79
WRK_1961,0,0
WRK_1962,82,82
WRK_1963,5,5
WRK_1964,9,9
WRK_1965,24,24
WRK_1966,294,294
WRK_1967,9,9
WRK_1968,13,13
WRK_1969,284,284
WRK_1970,421,421
WRK_1971,1044,1044
WRK_1972,7,7
WRK_1973,116,116
WRK_1974,7,7
WRK_1975,19,19
WRK_1976,625,625
WRK_1977,13,13
WRK_1978,34,34
WRK_1979,0,0
WRK_1980,59,59
WRK_1981,8,8
WRK_1982,4,4
WRK_1983,577,577
WRK_1984,1532,1532
WRK_1985,3305,3305
WRK_1986,65,65
WRK_1987,77,77
WRK_1988,12,12
WRK_1989,45,45
WRK_1990,7,7
WRK_1991,70,70
WRK_1992,40,40
